equipment_id,anomaly_type,severity,score,reason,metadata
CAT-EQ-1001,EXCESSIVE_IDLE,MEDIUM,0.76,Continuous idling of 51.5 hours detected without productive engine load.,
CAT-EQ-1001,ML_TELEMETRY_OUTLIER,MEDIUM,0.92,Telemetry pattern is unusual compared with the recent operating window.,"{'model': 'IsolationForest', 'speed': 14.9, 'fuel_level': 80.3, 'idle_hours': 51.5, 'engine_hours': 961.5}"
CAT-EQ-1001,EXCESSIVE_IDLE,MEDIUM,0.76,Continuous idling of 51.9 hours detected without productive engine load.,
CAT-EQ-1001,EXCESSIVE_IDLE,MEDIUM,0.76,Continuous idling of 52.5 hours detected without productive engine load.,
CAT-EQ-1001,EXCESSIVE_IDLE,MEDIUM,0.76,Continuous idling of 53.1 hours detected without productive engine load.,
CAT-EQ-1001,EXCESSIVE_IDLE,MEDIUM,0.76,Continuous idling of 53.7 hours detected without productive engine load.,
CAT-EQ-1001,EXCESSIVE_IDLE,MEDIUM,0.76,Continuous idling of 53.9 hours detected without productive engine load.,
CAT-EQ-1001,EXCESSIVE_IDLE,MEDIUM,0.76,Continuous idling of 54.3 hours detected without productive engine load.,
CAT-EQ-1001,EXCESSIVE_IDLE,MEDIUM,0.76,Continuous idling of 54.9 hours detected without productive engine load.,
CAT-EQ-1001,EXCESSIVE_IDLE,MEDIUM,0.76,Continuous idling of 55.5 hours detected without productive engine load.,
CAT-EQ-1001,EXCESSIVE_IDLE,MEDIUM,0.76,Continuous idling of 56.1 hours detected without productive engine load.,
CAT-EQ-1001,EXCESSIVE_IDLE,MEDIUM,0.76,Continuous idling of 56.3 hours detected without productive engine load.,
CAT-EQ-1001,EXCESSIVE_IDLE,MEDIUM,0.76,Continuous idling of 56.7 hours detected without productive engine load.,
CAT-EQ-1001,EXCESSIVE_IDLE,MEDIUM,0.76,Continuous idling of 57.3 hours detected without productive engine load.,
CAT-EQ-1001,EXCESSIVE_IDLE,MEDIUM,0.76,Continuous idling of 57.9 hours detected without productive engine load.,
CAT-EQ-1001,EXCESSIVE_IDLE,MEDIUM,0.76,Continuous idling of 58.5 hours detected without productive engine load.,
CAT-EQ-1001,EXCESSIVE_IDLE,MEDIUM,0.76,Continuous idling of 58.7 hours detected without productive engine load.,
CAT-EQ-1001,EXCESSIVE_IDLE,MEDIUM,0.76,Continuous idling of 59.1 hours detected without productive engine load.,
CAT-EQ-1001,EXCESSIVE_IDLE,MEDIUM,0.76,Continuous idling of 59.7 hours detected without productive engine load.,
CAT-EQ-1001,EXCESSIVE_IDLE,MEDIUM,0.76,Continuous idling of 60.3 hours detected without productive engine load.,
CAT-EQ-1001,EXCESSIVE_IDLE,MEDIUM,0.76,Continuous idling of 60.9 hours detected without productive engine load.,
CAT-EQ-1001,EXCESSIVE_IDLE,MEDIUM,0.76,Continuous idling of 61.1 hours detected without productive engine load.,
CAT-EQ-1001,EXCESSIVE_IDLE,MEDIUM,0.76,Continuous idling of 61.5 hours detected without productive engine load.,
CAT-EQ-1001,EXCESSIVE_IDLE,MEDIUM,0.76,Continuous idling of 62.1 hours detected without productive engine load.,
CAT-EQ-1001,EXCESSIVE_IDLE,MEDIUM,0.76,Continuous idling of 62.7 hours detected without productive engine load.,
CAT-EQ-1001,EXCESSIVE_IDLE,MEDIUM,0.76,Continuous idling of 63.3 hours detected without productive engine load.,
CAT-EQ-1001,EXCESSIVE_IDLE,MEDIUM,0.76,Continuous idling of 63.5 hours detected without productive engine load.,
CAT-EQ-1001,EXCESSIVE_IDLE,MEDIUM,0.76,Continuous idling of 63.9 hours detected without productive engine load.,
CAT-EQ-1001,EXCESSIVE_IDLE,MEDIUM,0.76,Continuous idling of 64.5 hours detected without productive engine load.,
CAT-EQ-1001,EXCESSIVE_IDLE,MEDIUM,0.76,Continuous idling of 65.1 hours detected without productive engine load.,
CAT-EQ-1001,EXCESSIVE_IDLE,MEDIUM,0.76,Continuous idling of 65.7 hours detected without productive engine load.,
CAT-EQ-1001,EXCESSIVE_IDLE,MEDIUM,0.76,Continuous idling of 65.9 hours detected without productive engine load.,
CAT-EQ-1001,EXCESSIVE_IDLE,MEDIUM,0.76,Continuous idling of 66.3 hours detected without productive engine load.,
CAT-EQ-1001,EXCESSIVE_IDLE,MEDIUM,0.76,Continuous idling of 66.9 hours detected without productive engine load.,
CAT-EQ-1001,EXCESSIVE_IDLE,MEDIUM,0.76,Continuous idling of 67.5 hours detected without productive engine load.,
CAT-EQ-1001,EXCESSIVE_IDLE,MEDIUM,0.76,Continuous idling of 68.1 hours detected without productive engine load.,
CAT-EQ-1001,EXCESSIVE_IDLE,MEDIUM,0.76,Continuous idling of 68.3 hours detected without productive engine load.,
CAT-EQ-1001,EXCESSIVE_IDLE,MEDIUM,0.76,Continuous idling of 68.7 hours detected without productive engine load.,
CAT-EQ-1001,EXCESSIVE_IDLE,MEDIUM,0.76,Continuous idling of 69.3 hours detected without productive engine load.,
CAT-EQ-1001,EXCESSIVE_IDLE,MEDIUM,0.76,Continuous idling of 69.9 hours detected without productive engine load.,
CAT-EQ-1001,EXCESSIVE_IDLE,MEDIUM,0.76,Continuous idling of 70.5 hours detected without productive engine load.,
CAT-EQ-1001,EXCESSIVE_IDLE,MEDIUM,0.76,Continuous idling of 70.7 hours detected without productive engine load.,
CAT-EQ-1001,RAPID_FUEL_DROP,HIGH,0.96,Sudden fuel loss of 24.0% detected between consecutive readings. Potential fuel leak or theft.,
CAT-EQ-1001,EXCESSIVE_IDLE,MEDIUM,0.76,Continuous idling of 71.1 hours detected without productive engine load.,
CAT-EQ-1001,EXCESSIVE_IDLE,MEDIUM,0.76,Continuous idling of 71.7 hours detected without productive engine load.,
CAT-EQ-1001,EXCESSIVE_IDLE,MEDIUM,0.76,Continuous idling of 72.3 hours detected without productive engine load.,
CAT-EQ-1001,EXCESSIVE_IDLE,MEDIUM,0.76,Continuous idling of 72.9 hours detected without productive engine load.,
CAT-EQ-1001,EXCESSIVE_IDLE,MEDIUM,0.76,Continuous idling of 73.1 hours detected without productive engine load.,
CAT-EQ-1001,EXCESSIVE_IDLE,MEDIUM,0.76,Continuous idling of 73.5 hours detected without productive engine load.,
CAT-EQ-1001,EXCESSIVE_IDLE,MEDIUM,0.76,Continuous idling of 74.1 hours detected without productive engine load.,
CAT-EQ-1001,EXCESSIVE_IDLE,MEDIUM,0.76,Continuous idling of 74.7 hours detected without productive engine load.,
CAT-EQ-1001,EXCESSIVE_IDLE,MEDIUM,0.76,Continuous idling of 75.3 hours detected without productive engine load.,
CAT-EQ-1001,EXCESSIVE_IDLE,MEDIUM,0.76,Continuous idling of 75.5 hours detected without productive engine load.,
CAT-EQ-1001,EXCESSIVE_IDLE,MEDIUM,0.76,Continuous idling of 75.9 hours detected without productive engine load.,
CAT-EQ-1001,EXCESSIVE_IDLE,MEDIUM,0.76,Continuous idling of 76.5 hours detected without productive engine load.,
CAT-EQ-1001,EXCESSIVE_IDLE,MEDIUM,0.76,Continuous idling of 77.1 hours detected without productive engine load.,
CAT-EQ-1001,EXCESSIVE_IDLE,MEDIUM,0.76,Continuous idling of 77.7 hours detected without productive engine load.,
CAT-EQ-1001,EXCESSIVE_IDLE,MEDIUM,0.76,Continuous idling of 77.9 hours detected without productive engine load.,
CAT-EQ-1001,EXCESSIVE_IDLE,MEDIUM,0.76,Continuous idling of 78.3 hours detected without productive engine load.,
CAT-EQ-1001,EXCESSIVE_IDLE,MEDIUM,0.76,Continuous idling of 78.9 hours detected without productive engine load.,
CAT-EQ-1001,EXCESSIVE_IDLE,MEDIUM,0.76,Continuous idling of 79.5 hours detected without productive engine load.,
CAT-EQ-1001,EXCESSIVE_IDLE,MEDIUM,0.76,Continuous idling of 80.1 hours detected without productive engine load.,
CAT-EQ-1001,EXCESSIVE_IDLE,MEDIUM,0.76,Continuous idling of 80.3 hours detected without productive engine load.,
CAT-EQ-1001,EXCESSIVE_IDLE,MEDIUM,0.76,Continuous idling of 80.7 hours detected without productive engine load.,
CAT-EQ-1001,EXCESSIVE_IDLE,MEDIUM,0.76,Continuous idling of 81.3 hours detected without productive engine load.,
CAT-EQ-1001,EXCESSIVE_IDLE,MEDIUM,0.76,Continuous idling of 81.9 hours detected without productive engine load.,
CAT-EQ-1001,EXCESSIVE_IDLE,MEDIUM,0.76,Continuous idling of 82.5 hours detected without productive engine load.,
CAT-EQ-1001,EXCESSIVE_IDLE,MEDIUM,0.76,Continuous idling of 82.7 hours detected without productive engine load.,
CAT-EQ-1001,EXCESSIVE_IDLE,MEDIUM,0.76,Continuous idling of 83.1 hours detected without productive engine load.,
CAT-EQ-1001,EXCESSIVE_IDLE,MEDIUM,0.76,Continuous idling of 83.7 hours detected without productive engine load.,
CAT-EQ-1002,EXCESSIVE_IDLE,MEDIUM,0.76,Continuous idling of 104.1 hours detected without productive engine load.,
CAT-EQ-1002,ML_TELEMETRY_OUTLIER,MEDIUM,0.92,Telemetry pattern is unusual compared with the recent operating window.,"{'model': 'IsolationForest', 'speed': 23.4, 'fuel_level': 76.6, 'idle_hours': 104.1, 'engine_hours': 813.4}"
CAT-EQ-1002,EXCESSIVE_IDLE,MEDIUM,0.76,Continuous idling of 104.5 hours detected without productive engine load.,
CAT-EQ-1002,EXCESSIVE_IDLE,MEDIUM,0.76,Continuous idling of 105.1 hours detected without productive engine load.,
CAT-EQ-1002,EXCESSIVE_IDLE,MEDIUM,0.76,Continuous idling of 105.7 hours detected without productive engine load.,
CAT-EQ-1002,EXCESSIVE_IDLE,MEDIUM,0.76,Continuous idling of 106.3 hours detected without productive engine load.,
CAT-EQ-1002,EXCESSIVE_IDLE,MEDIUM,0.76,Continuous idling of 106.5 hours detected without productive engine load.,
CAT-EQ-1002,EXCESSIVE_IDLE,MEDIUM,0.76,Continuous idling of 106.9 hours detected without productive engine load.,
CAT-EQ-1002,EXCESSIVE_IDLE,MEDIUM,0.76,Continuous idling of 107.5 hours detected without productive engine load.,
CAT-EQ-1002,EXCESSIVE_IDLE,MEDIUM,0.76,Continuous idling of 108.1 hours detected without productive engine load.,
CAT-EQ-1002,EXCESSIVE_IDLE,MEDIUM,0.76,Continuous idling of 108.7 hours detected without productive engine load.,
CAT-EQ-1002,EXCESSIVE_IDLE,MEDIUM,0.76,Continuous idling of 108.9 hours detected without productive engine load.,
CAT-EQ-1002,EXCESSIVE_SPEED,HIGH,0.99,Operating speed of 94.5 km/h exceeds equipment safe limit of 80.0 km/h.,
CAT-EQ-1002,EXCESSIVE_IDLE,MEDIUM,0.76,Continuous idling of 109.3 hours detected without productive engine load.,
CAT-EQ-1002,EXCESSIVE_IDLE,MEDIUM,0.76,Continuous idling of 109.9 hours detected without productive engine load.,
CAT-EQ-1002,EXCESSIVE_IDLE,MEDIUM,0.76,Continuous idling of 110.5 hours detected without productive engine load.,
CAT-EQ-1002,EXCESSIVE_IDLE,MEDIUM,0.76,Continuous idling of 111.1 hours detected without productive engine load.,
CAT-EQ-1002,EXCESSIVE_IDLE,MEDIUM,0.76,Continuous idling of 111.3 hours detected without productive engine load.,
CAT-EQ-1002,EXCESSIVE_IDLE,MEDIUM,0.76,Continuous idling of 111.7 hours detected without productive engine load.,
CAT-EQ-1002,EXCESSIVE_IDLE,MEDIUM,0.76,Continuous idling of 112.3 hours detected without productive engine load.,
CAT-EQ-1002,EXCESSIVE_IDLE,MEDIUM,0.76,Continuous idling of 112.9 hours detected without productive engine load.,
CAT-EQ-1002,EXCESSIVE_IDLE,MEDIUM,0.76,Continuous idling of 113.5 hours detected without productive engine load.,
CAT-EQ-1002,EXCESSIVE_IDLE,MEDIUM,0.76,Continuous idling of 113.7 hours detected without productive engine load.,
CAT-EQ-1002,EXCESSIVE_IDLE,MEDIUM,0.76,Continuous idling of 114.1 hours detected without productive engine load.,
CAT-EQ-1002,EXCESSIVE_IDLE,MEDIUM,0.76,Continuous idling of 114.7 hours detected without productive engine load.,
CAT-EQ-1002,EXCESSIVE_IDLE,MEDIUM,0.76,Continuous idling of 115.3 hours detected without productive engine load.,
CAT-EQ-1002,EXCESSIVE_IDLE,MEDIUM,0.76,Continuous idling of 115.9 hours detected without productive engine load.,
CAT-EQ-1002,EXCESSIVE_IDLE,MEDIUM,0.76,Continuous idling of 116.1 hours detected without productive engine load.,
CAT-EQ-1002,EXCESSIVE_IDLE,MEDIUM,0.76,Continuous idling of 116.5 hours detected without productive engine load.,
CAT-EQ-1002,EXCESSIVE_IDLE,MEDIUM,0.76,Continuous idling of 117.1 hours detected without productive engine load.,
CAT-EQ-1002,EXCESSIVE_IDLE,MEDIUM,0.76,Continuous idling of 117.7 hours detected without productive engine load.,
CAT-EQ-1002,EXCESSIVE_IDLE,MEDIUM,0.76,Continuous idling of 118.3 hours detected without productive engine load.,
CAT-EQ-1002,EXCESSIVE_IDLE,MEDIUM,0.76,Continuous idling of 118.5 hours detected without productive engine load.,
CAT-EQ-1002,EXCESSIVE_IDLE,MEDIUM,0.76,Continuous idling of 118.9 hours detected without productive engine load.,
CAT-EQ-1002,EXCESSIVE_IDLE,MEDIUM,0.76,Continuous idling of 119.5 hours detected without productive engine load.,
CAT-EQ-1002,EXCESSIVE_IDLE,MEDIUM,0.76,Continuous idling of 120.1 hours detected without productive engine load.,
CAT-EQ-1002,EXCESSIVE_IDLE,MEDIUM,0.76,Continuous idling of 120.7 hours detected without productive engine load.,
CAT-EQ-1002,EXCESSIVE_IDLE,MEDIUM,0.76,Continuous idling of 120.9 hours detected without productive engine load.,
CAT-EQ-1002,EXCESSIVE_IDLE,MEDIUM,0.76,Continuous idling of 121.3 hours detected without productive engine load.,
CAT-EQ-1002,EXCESSIVE_IDLE,MEDIUM,0.76,Continuous idling of 121.9 hours detected without productive engine load.,
CAT-EQ-1002,EXCESSIVE_IDLE,MEDIUM,0.76,Continuous idling of 122.5 hours detected without productive engine load.,
CAT-EQ-1002,EXCESSIVE_IDLE,MEDIUM,0.76,Continuous idling of 123.1 hours detected without productive engine load.,
CAT-EQ-1002,EXCESSIVE_IDLE,MEDIUM,0.76,Continuous idling of 123.3 hours detected without productive engine load.,
CAT-EQ-1002,EXCESSIVE_IDLE,MEDIUM,0.76,Continuous idling of 123.7 hours detected without productive engine load.,
CAT-EQ-1002,EXCESSIVE_IDLE,MEDIUM,0.76,Continuous idling of 124.3 hours detected without productive engine load.,
CAT-EQ-1002,EXCESSIVE_IDLE,MEDIUM,0.76,Continuous idling of 124.9 hours detected without productive engine load.,
CAT-EQ-1002,EXCESSIVE_IDLE,MEDIUM,0.76,Continuous idling of 125.5 hours detected without productive engine load.,
CAT-EQ-1002,EXCESSIVE_IDLE,MEDIUM,0.76,Continuous idling of 125.7 hours detected without productive engine load.,
CAT-EQ-1002,EXCESSIVE_IDLE,MEDIUM,0.76,Continuous idling of 126.1 hours detected without productive engine load.,
CAT-EQ-1002,EXCESSIVE_IDLE,MEDIUM,0.76,Continuous idling of 126.7 hours detected without productive engine load.,
CAT-EQ-1002,EXCESSIVE_IDLE,MEDIUM,0.76,Continuous idling of 127.3 hours detected without productive engine load.,
CAT-EQ-1002,EXCESSIVE_IDLE,MEDIUM,0.76,Continuous idling of 127.9 hours detected without productive engine load.,
CAT-EQ-1002,EXCESSIVE_IDLE,MEDIUM,0.76,Continuous idling of 128.1 hours detected without productive engine load.,
CAT-EQ-1002,EXCESSIVE_IDLE,MEDIUM,0.76,Continuous idling of 128.5 hours detected without productive engine load.,
CAT-EQ-1002,EXCESSIVE_IDLE,MEDIUM,0.76,Continuous idling of 129.1 hours detected without productive engine load.,
CAT-EQ-1002,EXCESSIVE_IDLE,MEDIUM,0.76,Continuous idling of 129.7 hours detected without productive engine load.,
CAT-EQ-1002,EXCESSIVE_IDLE,MEDIUM,0.76,Continuous idling of 130.3 hours detected without productive engine load.,
CAT-EQ-1002,EXCESSIVE_IDLE,MEDIUM,0.76,Continuous idling of 130.5 hours detected without productive engine load.,
CAT-EQ-1002,EXCESSIVE_IDLE,MEDIUM,0.76,Continuous idling of 130.9 hours detected without productive engine load.,
CAT-EQ-1002,EXCESSIVE_IDLE,MEDIUM,0.76,Continuous idling of 131.5 hours detected without productive engine load.,
CAT-EQ-1002,EXCESSIVE_IDLE,MEDIUM,0.76,Continuous idling of 132.1 hours detected without productive engine load.,
CAT-EQ-1002,EXCESSIVE_IDLE,MEDIUM,0.76,Continuous idling of 132.7 hours detected without productive engine load.,
CAT-EQ-1002,EXCESSIVE_IDLE,MEDIUM,0.76,Continuous idling of 132.9 hours detected without productive engine load.,
CAT-EQ-1002,EXCESSIVE_IDLE,MEDIUM,0.76,Continuous idling of 133.3 hours detected without productive engine load.,
CAT-EQ-1002,EXCESSIVE_IDLE,MEDIUM,0.76,Continuous idling of 133.9 hours detected without productive engine load.,
CAT-EQ-1002,EXCESSIVE_IDLE,MEDIUM,0.76,Continuous idling of 134.5 hours detected without productive engine load.,
CAT-EQ-1002,EXCESSIVE_IDLE,MEDIUM,0.76,Continuous idling of 135.1 hours detected without productive engine load.,
CAT-EQ-1002,EXCESSIVE_IDLE,MEDIUM,0.76,Continuous idling of 135.3 hours detected without productive engine load.,
CAT-EQ-1002,EXCESSIVE_IDLE,MEDIUM,0.76,Continuous idling of 135.7 hours detected without productive engine load.,
CAT-EQ-1002,EXCESSIVE_IDLE,MEDIUM,0.76,Continuous idling of 136.3 hours detected without productive engine load.,
CAT-EQ-1003,EXCESSIVE_IDLE,MEDIUM,0.76,Continuous idling of 100.3 hours detected without productive engine load.,
CAT-EQ-1003,ML_TELEMETRY_OUTLIER,HIGH,0.99,Telemetry pattern is unusual compared with the recent operating window.,"{'model': 'IsolationForest', 'speed': 28.7, 'fuel_level': 76.8, 'idle_hours': 100.3, 'engine_hours': 1243.6}"
CAT-EQ-1003,EXCESSIVE_IDLE,MEDIUM,0.76,Continuous idling of 100.7 hours detected without productive engine load.,
CAT-EQ-1003,EXCESSIVE_IDLE,MEDIUM,0.76,Continuous idling of 101.3 hours detected without productive engine load.,
CAT-EQ-1003,EXCESSIVE_IDLE,MEDIUM,0.76,Continuous idling of 101.9 hours detected without productive engine load.,
CAT-EQ-1003,EXCESSIVE_IDLE,MEDIUM,0.76,Continuous idling of 102.5 hours detected without productive engine load.,
CAT-EQ-1003,EXCESSIVE_IDLE,MEDIUM,0.76,Continuous idling of 102.7 hours detected without productive engine load.,
CAT-EQ-1003,EXCESSIVE_IDLE,MEDIUM,0.76,Continuous idling of 103.1 hours detected without productive engine load.,
CAT-EQ-1003,EXCESSIVE_IDLE,MEDIUM,0.76,Continuous idling of 103.7 hours detected without productive engine load.,
CAT-EQ-1003,EXCESSIVE_IDLE,MEDIUM,0.76,Continuous idling of 104.3 hours detected without productive engine load.,
CAT-EQ-1003,EXCESSIVE_IDLE,MEDIUM,0.76,Continuous idling of 104.9 hours detected without productive engine load.,
CAT-EQ-1003,EXCESSIVE_IDLE,MEDIUM,0.76,Continuous idling of 105.1 hours detected without productive engine load.,
CAT-EQ-1003,EXCESSIVE_IDLE,MEDIUM,0.76,Continuous idling of 105.5 hours detected without productive engine load.,
CAT-EQ-1003,EXCESSIVE_IDLE,MEDIUM,0.76,Continuous idling of 106.1 hours detected without productive engine load.,
CAT-EQ-1003,EXCESSIVE_IDLE,MEDIUM,0.76,Continuous idling of 106.7 hours detected without productive engine load.,
CAT-EQ-1003,EXCESSIVE_IDLE,MEDIUM,0.76,Continuous idling of 107.3 hours detected without productive engine load.,
CAT-EQ-1003,EXCESSIVE_SPEED,HIGH,0.99,Operating speed of 94.5 km/h exceeds equipment safe limit of 80.0 km/h.,
CAT-EQ-1003,EXCESSIVE_IDLE,MEDIUM,0.76,Continuous idling of 107.5 hours detected without productive engine load.,
CAT-EQ-1003,EXCESSIVE_IDLE,MEDIUM,0.76,Continuous idling of 107.9 hours detected without productive engine load.,
CAT-EQ-1003,EXCESSIVE_IDLE,MEDIUM,0.76,Continuous idling of 108.5 hours detected without productive engine load.,
CAT-EQ-1003,EXCESSIVE_IDLE,MEDIUM,0.76,Continuous idling of 109.1 hours detected without productive engine load.,
CAT-EQ-1003,EXCESSIVE_IDLE,MEDIUM,0.76,Continuous idling of 109.7 hours detected without productive engine load.,
CAT-EQ-1003,EXCESSIVE_IDLE,MEDIUM,0.76,Continuous idling of 109.9 hours detected without productive engine load.,
CAT-EQ-1003,EXCESSIVE_IDLE,MEDIUM,0.76,Continuous idling of 110.3 hours detected without productive engine load.,
CAT-EQ-1003,EXCESSIVE_IDLE,MEDIUM,0.76,Continuous idling of 110.9 hours detected without productive engine load.,
CAT-EQ-1003,EXCESSIVE_IDLE,MEDIUM,0.76,Continuous idling of 111.5 hours detected without productive engine load.,
CAT-EQ-1003,EXCESSIVE_IDLE,MEDIUM,0.76,Continuous idling of 112.1 hours detected without productive engine load.,
CAT-EQ-1003,EXCESSIVE_IDLE,MEDIUM,0.76,Continuous idling of 112.3 hours detected without productive engine load.,
CAT-EQ-1003,EXCESSIVE_IDLE,MEDIUM,0.76,Continuous idling of 112.7 hours detected without productive engine load.,
CAT-EQ-1003,EXCESSIVE_IDLE,MEDIUM,0.76,Continuous idling of 113.3 hours detected without productive engine load.,
CAT-EQ-1003,EXCESSIVE_IDLE,MEDIUM,0.76,Continuous idling of 113.9 hours detected without productive engine load.,
CAT-EQ-1003,EXCESSIVE_IDLE,MEDIUM,0.76,Continuous idling of 114.5 hours detected without productive engine load.,
CAT-EQ-1003,EXCESSIVE_IDLE,MEDIUM,0.76,Continuous idling of 114.7 hours detected without productive engine load.,
CAT-EQ-1003,EXCESSIVE_IDLE,MEDIUM,0.76,Continuous idling of 115.1 hours detected without productive engine load.,
CAT-EQ-1003,EXCESSIVE_IDLE,MEDIUM,0.76,Continuous idling of 115.7 hours detected without productive engine load.,
CAT-EQ-1003,EXCESSIVE_IDLE,MEDIUM,0.76,Continuous idling of 116.3 hours detected without productive engine load.,
CAT-EQ-1003,EXCESSIVE_IDLE,MEDIUM,0.76,Continuous idling of 116.9 hours detected without productive engine load.,
CAT-EQ-1003,EXCESSIVE_IDLE,MEDIUM,0.76,Continuous idling of 117.1 hours detected without productive engine load.,
CAT-EQ-1003,EXCESSIVE_IDLE,MEDIUM,0.76,Continuous idling of 117.5 hours detected without productive engine load.,
CAT-EQ-1003,EXCESSIVE_IDLE,MEDIUM,0.76,Continuous idling of 118.1 hours detected without productive engine load.,
CAT-EQ-1003,EXCESSIVE_IDLE,MEDIUM,0.76,Continuous idling of 118.7 hours detected without productive engine load.,
CAT-EQ-1003,EXCESSIVE_IDLE,MEDIUM,0.76,Continuous idling of 119.3 hours detected without productive engine load.,
CAT-EQ-1003,EXCESSIVE_IDLE,MEDIUM,0.76,Continuous idling of 119.5 hours detected without productive engine load.,
CAT-EQ-1003,EXCESSIVE_IDLE,MEDIUM,0.76,Continuous idling of 119.9 hours detected without productive engine load.,
CAT-EQ-1003,EXCESSIVE_IDLE,MEDIUM,0.76,Continuous idling of 120.5 hours detected without productive engine load.,
CAT-EQ-1003,EXCESSIVE_IDLE,MEDIUM,0.76,Continuous idling of 121.1 hours detected without productive engine load.,
CAT-EQ-1003,EXCESSIVE_IDLE,MEDIUM,0.76,Continuous idling of 121.7 hours detected without productive engine load.,
CAT-EQ-1003,EXCESSIVE_IDLE,MEDIUM,0.76,Continuous idling of 121.9 hours detected without productive engine load.,
CAT-EQ-1003,EXCESSIVE_IDLE,MEDIUM,0.76,Continuous idling of 122.3 hours detected without productive engine load.,
CAT-EQ-1003,EXCESSIVE_IDLE,MEDIUM,0.76,Continuous idling of 122.9 hours detected without productive engine load.,
CAT-EQ-1003,EXCESSIVE_IDLE,MEDIUM,0.76,Continuous idling of 123.5 hours detected without productive engine load.,
CAT-EQ-1003,EXCESSIVE_IDLE,MEDIUM,0.76,Continuous idling of 124.1 hours detected without productive engine load.,
CAT-EQ-1003,EXCESSIVE_IDLE,MEDIUM,0.76,Continuous idling of 124.3 hours detected without productive engine load.,
CAT-EQ-1003,EXCESSIVE_IDLE,MEDIUM,0.76,Continuous idling of 124.7 hours detected without productive engine load.,
CAT-EQ-1003,EXCESSIVE_IDLE,MEDIUM,0.76,Continuous idling of 125.3 hours detected without productive engine load.,
CAT-EQ-1003,EXCESSIVE_IDLE,MEDIUM,0.76,Continuous idling of 125.9 hours detected without productive engine load.,
CAT-EQ-1003,EXCESSIVE_IDLE,MEDIUM,0.76,Continuous idling of 126.5 hours detected without productive engine load.,
CAT-EQ-1003,EXCESSIVE_IDLE,MEDIUM,0.76,Continuous idling of 126.7 hours detected without productive engine load.,
CAT-EQ-1003,EXCESSIVE_IDLE,MEDIUM,0.76,Continuous idling of 127.1 hours detected without productive engine load.,
CAT-EQ-1003,EXCESSIVE_IDLE,MEDIUM,0.76,Continuous idling of 127.7 hours detected without productive engine load.,
CAT-EQ-1003,EXCESSIVE_IDLE,MEDIUM,0.76,Continuous idling of 128.3 hours detected without productive engine load.,
CAT-EQ-1003,EXCESSIVE_IDLE,MEDIUM,0.76,Continuous idling of 128.9 hours detected without productive engine load.,
CAT-EQ-1003,EXCESSIVE_IDLE,MEDIUM,0.76,Continuous idling of 129.1 hours detected without productive engine load.,
CAT-EQ-1003,EXCESSIVE_IDLE,MEDIUM,0.76,Continuous idling of 129.5 hours detected without productive engine load.,
CAT-EQ-1003,EXCESSIVE_IDLE,MEDIUM,0.76,Continuous idling of 130.1 hours detected without productive engine load.,
CAT-EQ-1003,EXCESSIVE_IDLE,MEDIUM,0.76,Continuous idling of 130.7 hours detected without productive engine load.,
CAT-EQ-1003,EXCESSIVE_IDLE,MEDIUM,0.76,Continuous idling of 131.3 hours detected without productive engine load.,
CAT-EQ-1003,EXCESSIVE_IDLE,MEDIUM,0.76,Continuous idling of 131.5 hours detected without productive engine load.,
CAT-EQ-1003,EXCESSIVE_IDLE,MEDIUM,0.76,Continuous idling of 131.9 hours detected without productive engine load.,
CAT-EQ-1003,EXCESSIVE_IDLE,MEDIUM,0.76,Continuous idling of 132.5 hours detected without productive engine load.,
CAT-EQ-1004,EXCESSIVE_IDLE,MEDIUM,0.76,Continuous idling of 98.9 hours detected without productive engine load.,
CAT-EQ-1004,ML_TELEMETRY_OUTLIER,MEDIUM,0.92,Telemetry pattern is unusual compared with the recent operating window.,"{'model': 'IsolationForest', 'speed': 14.2, 'fuel_level': 79.3, 'idle_hours': 98.9, 'engine_hours': 1007.2}"
CAT-EQ-1004,EXCESSIVE_IDLE,MEDIUM,0.76,Continuous idling of 99.3 hours detected without productive engine load.,
CAT-EQ-1004,EXCESSIVE_IDLE,MEDIUM,0.76,Continuous idling of 99.9 hours detected without productive engine load.,
CAT-EQ-1004,EXCESSIVE_IDLE,MEDIUM,0.76,Continuous idling of 100.5 hours detected without productive engine load.,
CAT-EQ-1004,EXCESSIVE_IDLE,MEDIUM,0.76,Continuous idling of 101.1 hours detected without productive engine load.,
CAT-EQ-1004,EXCESSIVE_IDLE,MEDIUM,0.76,Continuous idling of 101.3 hours detected without productive engine load.,
CAT-EQ-1004,EXCESSIVE_IDLE,MEDIUM,0.76,Continuous idling of 101.7 hours detected without productive engine load.,
CAT-EQ-1004,EXCESSIVE_IDLE,MEDIUM,0.76,Continuous idling of 102.3 hours detected without productive engine load.,
CAT-EQ-1004,EXCESSIVE_IDLE,MEDIUM,0.76,Continuous idling of 102.9 hours detected without productive engine load.,
CAT-EQ-1004,EXCESSIVE_IDLE,MEDIUM,0.76,Continuous idling of 103.5 hours detected without productive engine load.,
CAT-EQ-1004,EXCESSIVE_IDLE,MEDIUM,0.76,Continuous idling of 103.7 hours detected without productive engine load.,
CAT-EQ-1004,EXCESSIVE_IDLE,MEDIUM,0.76,Continuous idling of 104.1 hours detected without productive engine load.,
CAT-EQ-1004,EXCESSIVE_IDLE,MEDIUM,0.76,Continuous idling of 104.7 hours detected without productive engine load.,
CAT-EQ-1004,EXCESSIVE_IDLE,MEDIUM,0.76,Continuous idling of 105.3 hours detected without productive engine load.,
CAT-EQ-1004,EXCESSIVE_IDLE,MEDIUM,0.76,Continuous idling of 105.9 hours detected without productive engine load.,
CAT-EQ-1004,EXCESSIVE_IDLE,MEDIUM,0.76,Continuous idling of 106.1 hours detected without productive engine load.,
CAT-EQ-1004,EXCESSIVE_IDLE,MEDIUM,0.76,Continuous idling of 106.5 hours detected without productive engine load.,
CAT-EQ-1004,EXCESSIVE_IDLE,MEDIUM,0.76,Continuous idling of 107.1 hours detected without productive engine load.,
CAT-EQ-1004,EXCESSIVE_IDLE,MEDIUM,0.76,Continuous idling of 107.7 hours detected without productive engine load.,
CAT-EQ-1004,RAPID_FUEL_DROP,HIGH,0.96,Sudden fuel loss of 24.0% detected between consecutive readings. Potential fuel leak or theft.,
CAT-EQ-1004,EXCESSIVE_IDLE,MEDIUM,0.76,Continuous idling of 108.3 hours detected without productive engine load.,
CAT-EQ-1004,EXCESSIVE_IDLE,MEDIUM,0.76,Continuous idling of 108.5 hours detected without productive engine load.,
CAT-EQ-1004,EXCESSIVE_IDLE,MEDIUM,0.76,Continuous idling of 108.9 hours detected without productive engine load.,
CAT-EQ-1004,EXCESSIVE_IDLE,MEDIUM,0.76,Continuous idling of 109.5 hours detected without productive engine load.,
CAT-EQ-1004,EXCESSIVE_IDLE,MEDIUM,0.76,Continuous idling of 110.1 hours detected without productive engine load.,
CAT-EQ-1004,EXCESSIVE_IDLE,MEDIUM,0.76,Continuous idling of 110.7 hours detected without productive engine load.,
CAT-EQ-1004,EXCESSIVE_IDLE,MEDIUM,0.76,Continuous idling of 110.9 hours detected without productive engine load.,
CAT-EQ-1004,EXCESSIVE_IDLE,MEDIUM,0.76,Continuous idling of 111.3 hours detected without productive engine load.,
CAT-EQ-1004,EXCESSIVE_IDLE,MEDIUM,0.76,Continuous idling of 111.9 hours detected without productive engine load.,
CAT-EQ-1004,EXCESSIVE_IDLE,MEDIUM,0.76,Continuous idling of 112.5 hours detected without productive engine load.,
CAT-EQ-1004,EXCESSIVE_IDLE,MEDIUM,0.76,Continuous idling of 113.1 hours detected without productive engine load.,
CAT-EQ-1004,EXCESSIVE_IDLE,MEDIUM,0.76,Continuous idling of 113.3 hours detected without productive engine load.,
CAT-EQ-1004,EXCESSIVE_IDLE,MEDIUM,0.76,Continuous idling of 113.7 hours detected without productive engine load.,
CAT-EQ-1004,EXCESSIVE_IDLE,MEDIUM,0.76,Continuous idling of 114.3 hours detected without productive engine load.,
CAT-EQ-1004,EXCESSIVE_IDLE,MEDIUM,0.76,Continuous idling of 114.9 hours detected without productive engine load.,
CAT-EQ-1004,EXCESSIVE_IDLE,MEDIUM,0.76,Continuous idling of 115.5 hours detected without productive engine load.,
CAT-EQ-1004,EXCESSIVE_IDLE,MEDIUM,0.76,Continuous idling of 115.7 hours detected without productive engine load.,
CAT-EQ-1004,EXCESSIVE_IDLE,MEDIUM,0.76,Continuous idling of 116.1 hours detected without productive engine load.,
CAT-EQ-1004,EXCESSIVE_IDLE,MEDIUM,0.76,Continuous idling of 116.7 hours detected without productive engine load.,
CAT-EQ-1004,EXCESSIVE_IDLE,MEDIUM,0.76,Continuous idling of 117.3 hours detected without productive engine load.,
CAT-EQ-1004,EXCESSIVE_IDLE,MEDIUM,0.76,Continuous idling of 117.9 hours detected without productive engine load.,
CAT-EQ-1004,EXCESSIVE_IDLE,MEDIUM,0.76,Continuous idling of 118.1 hours detected without productive engine load.,
CAT-EQ-1004,EXCESSIVE_IDLE,MEDIUM,0.76,Continuous idling of 118.5 hours detected without productive engine load.,
CAT-EQ-1004,EXCESSIVE_IDLE,MEDIUM,0.76,Continuous idling of 119.1 hours detected without productive engine load.,
CAT-EQ-1004,EXCESSIVE_IDLE,MEDIUM,0.76,Continuous idling of 119.7 hours detected without productive engine load.,
CAT-EQ-1004,EXCESSIVE_IDLE,MEDIUM,0.76,Continuous idling of 120.3 hours detected without productive engine load.,
CAT-EQ-1004,EXCESSIVE_IDLE,MEDIUM,0.76,Continuous idling of 120.5 hours detected without productive engine load.,
CAT-EQ-1004,EXCESSIVE_IDLE,MEDIUM,0.76,Continuous idling of 120.9 hours detected without productive engine load.,
CAT-EQ-1004,EXCESSIVE_IDLE,MEDIUM,0.76,Continuous idling of 121.5 hours detected without productive engine load.,
CAT-EQ-1004,EXCESSIVE_IDLE,MEDIUM,0.76,Continuous idling of 122.1 hours detected without productive engine load.,
CAT-EQ-1004,EXCESSIVE_IDLE,MEDIUM,0.76,Continuous idling of 122.7 hours detected without productive engine load.,
CAT-EQ-1004,EXCESSIVE_IDLE,MEDIUM,0.76,Continuous idling of 122.9 hours detected without productive engine load.,
CAT-EQ-1004,EXCESSIVE_IDLE,MEDIUM,0.76,Continuous idling of 123.3 hours detected without productive engine load.,
CAT-EQ-1004,EXCESSIVE_IDLE,MEDIUM,0.76,Continuous idling of 123.9 hours detected without productive engine load.,
CAT-EQ-1004,EXCESSIVE_IDLE,MEDIUM,0.76,Continuous idling of 124.5 hours detected without productive engine load.,
CAT-EQ-1004,EXCESSIVE_IDLE,MEDIUM,0.76,Continuous idling of 125.1 hours detected without productive engine load.,
CAT-EQ-1004,EXCESSIVE_IDLE,MEDIUM,0.76,Continuous idling of 125.3 hours detected without productive engine load.,
CAT-EQ-1004,EXCESSIVE_IDLE,MEDIUM,0.76,Continuous idling of 125.7 hours detected without productive engine load.,
CAT-EQ-1004,EXCESSIVE_IDLE,MEDIUM,0.76,Continuous idling of 126.3 hours detected without productive engine load.,
CAT-EQ-1004,EXCESSIVE_IDLE,MEDIUM,0.76,Continuous idling of 126.9 hours detected without productive engine load.,
CAT-EQ-1004,EXCESSIVE_IDLE,MEDIUM,0.76,Continuous idling of 127.5 hours detected without productive engine load.,
CAT-EQ-1004,EXCESSIVE_IDLE,MEDIUM,0.76,Continuous idling of 127.7 hours detected without productive engine load.,
CAT-EQ-1004,EXCESSIVE_IDLE,MEDIUM,0.76,Continuous idling of 128.1 hours detected without productive engine load.,
CAT-EQ-1004,EXCESSIVE_IDLE,MEDIUM,0.76,Continuous idling of 128.7 hours detected without productive engine load.,
CAT-EQ-1004,EXCESSIVE_IDLE,MEDIUM,0.76,Continuous idling of 129.3 hours detected without productive engine load.,
CAT-EQ-1004,EXCESSIVE_IDLE,MEDIUM,0.76,Continuous idling of 129.9 hours detected without productive engine load.,
CAT-EQ-1004,EXCESSIVE_IDLE,MEDIUM,0.76,Continuous idling of 130.1 hours detected without productive engine load.,
CAT-EQ-1004,EXCESSIVE_IDLE,MEDIUM,0.76,Continuous idling of 130.5 hours detected without productive engine load.,
CAT-EQ-1004,EXCESSIVE_IDLE,MEDIUM,0.76,Continuous idling of 131.1 hours detected without productive engine load.,
CAT-EQ-1005,EXCESSIVE_IDLE,MEDIUM,0.76,Continuous idling of 138.1 hours detected without productive engine load.,
CAT-EQ-1005,ML_TELEMETRY_OUTLIER,MEDIUM,0.83,Telemetry pattern is unusual compared with the recent operating window.,"{'model': 'IsolationForest', 'speed': 12.1, 'fuel_level': 56.7, 'idle_hours': 138.1, 'engine_hours': 726.0}"
CAT-EQ-1005,EXCESSIVE_IDLE,MEDIUM,0.76,Continuous idling of 138.5 hours detected without productive engine load.,
CAT-EQ-1005,EXCESSIVE_IDLE,MEDIUM,0.76,Continuous idling of 139.1 hours detected without productive engine load.,
CAT-EQ-1005,EXCESSIVE_IDLE,MEDIUM,0.76,Continuous idling of 139.7 hours detected without productive engine load.,
CAT-EQ-1005,EXCESSIVE_IDLE,MEDIUM,0.76,Continuous idling of 140.3 hours detected without productive engine load.,
CAT-EQ-1005,EXCESSIVE_IDLE,MEDIUM,0.76,Continuous idling of 140.5 hours detected without productive engine load.,
CAT-EQ-1005,EXCESSIVE_IDLE,MEDIUM,0.76,Continuous idling of 140.9 hours detected without productive engine load.,
CAT-EQ-1005,EXCESSIVE_IDLE,MEDIUM,0.76,Continuous idling of 141.5 hours detected without productive engine load.,
CAT-EQ-1005,EXCESSIVE_IDLE,MEDIUM,0.76,Continuous idling of 142.1 hours detected without productive engine load.,
CAT-EQ-1005,EXCESSIVE_IDLE,MEDIUM,0.76,Continuous idling of 142.7 hours detected without productive engine load.,
CAT-EQ-1005,EXCESSIVE_IDLE,MEDIUM,0.76,Continuous idling of 142.9 hours detected without productive engine load.,
CAT-EQ-1005,EXCESSIVE_IDLE,MEDIUM,0.76,Continuous idling of 143.3 hours detected without productive engine load.,
CAT-EQ-1005,EXCESSIVE_IDLE,MEDIUM,0.76,Continuous idling of 143.9 hours detected without productive engine load.,
CAT-EQ-1005,EXCESSIVE_IDLE,MEDIUM,0.76,Continuous idling of 144.5 hours detected without productive engine load.,
CAT-EQ-1005,EXCESSIVE_IDLE,MEDIUM,0.76,Continuous idling of 145.1 hours detected without productive engine load.,
CAT-EQ-1005,EXCESSIVE_IDLE,MEDIUM,0.76,Continuous idling of 145.3 hours detected without productive engine load.,
CAT-EQ-1005,EXCESSIVE_IDLE,MEDIUM,0.76,Continuous idling of 145.7 hours detected without productive engine load.,
CAT-EQ-1005,EXCESSIVE_IDLE,MEDIUM,0.76,Continuous idling of 146.3 hours detected without productive engine load.,
CAT-EQ-1005,EXCESSIVE_IDLE,MEDIUM,0.76,Continuous idling of 146.9 hours detected without productive engine load.,
CAT-EQ-1005,EXCESSIVE_IDLE,MEDIUM,0.76,Continuous idling of 147.5 hours detected without productive engine load.,
CAT-EQ-1005,EXCESSIVE_IDLE,MEDIUM,0.76,Continuous idling of 147.7 hours detected without productive engine load.,
CAT-EQ-1005,RAPID_FUEL_DROP,HIGH,0.96,Sudden fuel loss of 24.0% detected between consecutive readings. Potential fuel leak or theft.,
CAT-EQ-1005,EXCESSIVE_IDLE,MEDIUM,0.76,Continuous idling of 148.1 hours detected without productive engine load.,
CAT-EQ-1005,EXCESSIVE_IDLE,MEDIUM,0.76,Continuous idling of 148.7 hours detected without productive engine load.,
CAT-EQ-1005,EXCESSIVE_IDLE,MEDIUM,0.76,Continuous idling of 149.3 hours detected without productive engine load.,
CAT-EQ-1005,EXCESSIVE_IDLE,MEDIUM,0.76,Continuous idling of 149.9 hours detected without productive engine load.,
CAT-EQ-1005,EXCESSIVE_IDLE,MEDIUM,0.76,Continuous idling of 150.1 hours detected without productive engine load.,
CAT-EQ-1005,EXCESSIVE_IDLE,MEDIUM,0.76,Continuous idling of 150.5 hours detected without productive engine load.,
CAT-EQ-1005,EXCESSIVE_IDLE,MEDIUM,0.76,Continuous idling of 151.1 hours detected without productive engine load.,
CAT-EQ-1005,EXCESSIVE_IDLE,MEDIUM,0.76,Continuous idling of 151.7 hours detected without productive engine load.,
CAT-EQ-1005,EXCESSIVE_IDLE,MEDIUM,0.76,Continuous idling of 152.3 hours detected without productive engine load.,
CAT-EQ-1005,EXCESSIVE_IDLE,MEDIUM,0.76,Continuous idling of 152.5 hours detected without productive engine load.,
CAT-EQ-1005,EXCESSIVE_IDLE,MEDIUM,0.76,Continuous idling of 152.9 hours detected without productive engine load.,
CAT-EQ-1005,EXCESSIVE_IDLE,MEDIUM,0.76,Continuous idling of 153.5 hours detected without productive engine load.,
CAT-EQ-1005,EXCESSIVE_IDLE,MEDIUM,0.76,Continuous idling of 154.1 hours detected without productive engine load.,
CAT-EQ-1005,EXCESSIVE_IDLE,MEDIUM,0.76,Continuous idling of 154.7 hours detected without productive engine load.,
CAT-EQ-1005,EXCESSIVE_IDLE,MEDIUM,0.76,Continuous idling of 154.9 hours detected without productive engine load.,
CAT-EQ-1005,EXCESSIVE_IDLE,MEDIUM,0.76,Continuous idling of 155.3 hours detected without productive engine load.,
CAT-EQ-1005,EXCESSIVE_IDLE,MEDIUM,0.76,Continuous idling of 155.9 hours detected without productive engine load.,
CAT-EQ-1005,EXCESSIVE_IDLE,MEDIUM,0.76,Continuous idling of 156.5 hours detected without productive engine load.,
CAT-EQ-1005,EXCESSIVE_IDLE,MEDIUM,0.76,Continuous idling of 157.1 hours detected without productive engine load.,
CAT-EQ-1005,EXCESSIVE_IDLE,MEDIUM,0.76,Continuous idling of 157.3 hours detected without productive engine load.,
CAT-EQ-1005,EXCESSIVE_IDLE,MEDIUM,0.76,Continuous idling of 157.7 hours detected without productive engine load.,
CAT-EQ-1005,EXCESSIVE_IDLE,MEDIUM,0.76,Continuous idling of 158.3 hours detected without productive engine load.,
CAT-EQ-1005,EXCESSIVE_IDLE,MEDIUM,0.76,Continuous idling of 158.9 hours detected without productive engine load.,
CAT-EQ-1005,EXCESSIVE_IDLE,MEDIUM,0.76,Continuous idling of 159.5 hours detected without productive engine load.,
CAT-EQ-1005,EXCESSIVE_IDLE,MEDIUM,0.76,Continuous idling of 159.7 hours detected without productive engine load.,
CAT-EQ-1005,EXCESSIVE_IDLE,MEDIUM,0.76,Continuous idling of 160.1 hours detected without productive engine load.,
CAT-EQ-1005,EXCESSIVE_IDLE,MEDIUM,0.76,Continuous idling of 160.7 hours detected without productive engine load.,
CAT-EQ-1005,EXCESSIVE_IDLE,MEDIUM,0.76,Continuous idling of 161.3 hours detected without productive engine load.,
CAT-EQ-1005,EXCESSIVE_IDLE,MEDIUM,0.76,Continuous idling of 161.9 hours detected without productive engine load.,
CAT-EQ-1005,EXCESSIVE_IDLE,MEDIUM,0.76,Continuous idling of 162.1 hours detected without productive engine load.,
CAT-EQ-1005,EXCESSIVE_IDLE,MEDIUM,0.76,Continuous idling of 162.5 hours detected without productive engine load.,
CAT-EQ-1005,EXCESSIVE_IDLE,MEDIUM,0.76,Continuous idling of 163.1 hours detected without productive engine load.,
CAT-EQ-1005,EXCESSIVE_IDLE,MEDIUM,0.76,Continuous idling of 163.7 hours detected without productive engine load.,
CAT-EQ-1005,EXCESSIVE_IDLE,MEDIUM,0.76,Continuous idling of 164.3 hours detected without productive engine load.,
CAT-EQ-1005,EXCESSIVE_IDLE,MEDIUM,0.76,Continuous idling of 164.5 hours detected without productive engine load.,
CAT-EQ-1005,EXCESSIVE_IDLE,MEDIUM,0.76,Continuous idling of 164.9 hours detected without productive engine load.,
CAT-EQ-1005,EXCESSIVE_IDLE,MEDIUM,0.76,Continuous idling of 165.5 hours detected without productive engine load.,
CAT-EQ-1005,EXCESSIVE_IDLE,MEDIUM,0.76,Continuous idling of 166.1 hours detected without productive engine load.,
CAT-EQ-1005,EXCESSIVE_IDLE,MEDIUM,0.76,Continuous idling of 166.7 hours detected without productive engine load.,
CAT-EQ-1005,EXCESSIVE_IDLE,MEDIUM,0.76,Continuous idling of 166.9 hours detected without productive engine load.,
CAT-EQ-1005,EXCESSIVE_IDLE,MEDIUM,0.76,Continuous idling of 167.3 hours detected without productive engine load.,
CAT-EQ-1005,EXCESSIVE_IDLE,MEDIUM,0.76,Continuous idling of 167.9 hours detected without productive engine load.,
CAT-EQ-1005,EXCESSIVE_IDLE,MEDIUM,0.76,Continuous idling of 168.5 hours detected without productive engine load.,
CAT-EQ-1005,EXCESSIVE_IDLE,MEDIUM,0.76,Continuous idling of 169.1 hours detected without productive engine load.,
CAT-EQ-1005,EXCESSIVE_IDLE,MEDIUM,0.76,Continuous idling of 169.3 hours detected without productive engine load.,
CAT-EQ-1005,EXCESSIVE_IDLE,MEDIUM,0.76,Continuous idling of 169.7 hours detected without productive engine load.,
CAT-EQ-1005,EXCESSIVE_IDLE,MEDIUM,0.76,Continuous idling of 170.3 hours detected without productive engine load.,
CAT-EQ-1006,EXCESSIVE_IDLE,MEDIUM,0.76,Continuous idling of 99.1 hours detected without productive engine load.,
CAT-EQ-1006,ML_TELEMETRY_OUTLIER,MEDIUM,0.92,Telemetry pattern is unusual compared with the recent operating window.,"{'model': 'IsolationForest', 'speed': 20.2, 'fuel_level': 78.0, 'idle_hours': 99.1, 'engine_hours': 546.1}"
CAT-EQ-1006,EXCESSIVE_IDLE,MEDIUM,0.76,Continuous idling of 99.5 hours detected without productive engine load.,
CAT-EQ-1006,EXCESSIVE_IDLE,MEDIUM,0.76,Continuous idling of 100.1 hours detected without productive engine load.,
CAT-EQ-1006,EXCESSIVE_IDLE,MEDIUM,0.76,Continuous idling of 100.7 hours detected without productive engine load.,
CAT-EQ-1006,EXCESSIVE_IDLE,MEDIUM,0.76,Continuous idling of 101.3 hours detected without productive engine load.,
CAT-EQ-1006,EXCESSIVE_IDLE,MEDIUM,0.76,Continuous idling of 101.5 hours detected without productive engine load.,
CAT-EQ-1006,EXCESSIVE_SPEED,HIGH,0.99,Operating speed of 94.5 km/h exceeds equipment safe limit of 80.0 km/h.,
CAT-EQ-1006,EXCESSIVE_IDLE,MEDIUM,0.76,Continuous idling of 101.9 hours detected without productive engine load.,
CAT-EQ-1006,EXCESSIVE_IDLE,MEDIUM,0.76,Continuous idling of 102.5 hours detected without productive engine load.,
CAT-EQ-1006,EXCESSIVE_IDLE,MEDIUM,0.76,Continuous idling of 103.1 hours detected without productive engine load.,
CAT-EQ-1006,EXCESSIVE_IDLE,MEDIUM,0.76,Continuous idling of 103.7 hours detected without productive engine load.,
CAT-EQ-1006,EXCESSIVE_IDLE,MEDIUM,0.76,Continuous idling of 103.9 hours detected without productive engine load.,
CAT-EQ-1006,EXCESSIVE_IDLE,MEDIUM,0.76,Continuous idling of 104.3 hours detected without productive engine load.,
CAT-EQ-1006,EXCESSIVE_IDLE,MEDIUM,0.76,Continuous idling of 104.9 hours detected without productive engine load.,
CAT-EQ-1006,EXCESSIVE_IDLE,MEDIUM,0.76,Continuous idling of 105.5 hours detected without productive engine load.,
CAT-EQ-1006,EXCESSIVE_IDLE,MEDIUM,0.76,Continuous idling of 106.1 hours detected without productive engine load.,
CAT-EQ-1006,EXCESSIVE_IDLE,MEDIUM,0.76,Continuous idling of 106.3 hours detected without productive engine load.,
CAT-EQ-1006,EXCESSIVE_IDLE,MEDIUM,0.76,Continuous idling of 106.7 hours detected without productive engine load.,
CAT-EQ-1006,EXCESSIVE_IDLE,MEDIUM,0.76,Continuous idling of 107.3 hours detected without productive engine load.,
CAT-EQ-1006,EXCESSIVE_IDLE,MEDIUM,0.76,Continuous idling of 107.9 hours detected without productive engine load.,
CAT-EQ-1006,EXCESSIVE_IDLE,MEDIUM,0.76,Continuous idling of 108.5 hours detected without productive engine load.,
CAT-EQ-1006,EXCESSIVE_IDLE,MEDIUM,0.76,Continuous idling of 108.7 hours detected without productive engine load.,
CAT-EQ-1006,EXCESSIVE_IDLE,MEDIUM,0.76,Continuous idling of 109.1 hours detected without productive engine load.,
CAT-EQ-1006,EXCESSIVE_IDLE,MEDIUM,0.76,Continuous idling of 109.7 hours detected without productive engine load.,
CAT-EQ-1006,EXCESSIVE_IDLE,MEDIUM,0.76,Continuous idling of 110.3 hours detected without productive engine load.,
CAT-EQ-1006,EXCESSIVE_IDLE,MEDIUM,0.76,Continuous idling of 110.9 hours detected without productive engine load.,
CAT-EQ-1006,EXCESSIVE_IDLE,MEDIUM,0.76,Continuous idling of 111.1 hours detected without productive engine load.,
CAT-EQ-1006,EXCESSIVE_IDLE,MEDIUM,0.76,Continuous idling of 111.5 hours detected without productive engine load.,
CAT-EQ-1006,EXCESSIVE_IDLE,MEDIUM,0.76,Continuous idling of 112.1 hours detected without productive engine load.,
CAT-EQ-1006,EXCESSIVE_IDLE,MEDIUM,0.76,Continuous idling of 112.7 hours detected without productive engine load.,
CAT-EQ-1006,EXCESSIVE_IDLE,MEDIUM,0.76,Continuous idling of 113.3 hours detected without productive engine load.,
CAT-EQ-1006,EXCESSIVE_IDLE,MEDIUM,0.76,Continuous idling of 113.5 hours detected without productive engine load.,
CAT-EQ-1006,EXCESSIVE_IDLE,MEDIUM,0.76,Continuous idling of 113.9 hours detected without productive engine load.,
CAT-EQ-1006,EXCESSIVE_IDLE,MEDIUM,0.76,Continuous idling of 114.5 hours detected without productive engine load.,
CAT-EQ-1006,EXCESSIVE_IDLE,MEDIUM,0.76,Continuous idling of 115.1 hours detected without productive engine load.,
CAT-EQ-1006,EXCESSIVE_IDLE,MEDIUM,0.76,Continuous idling of 115.7 hours detected without productive engine load.,
CAT-EQ-1006,EXCESSIVE_IDLE,MEDIUM,0.76,Continuous idling of 115.9 hours detected without productive engine load.,
CAT-EQ-1006,RAPID_FUEL_DROP,HIGH,0.96,Sudden fuel loss of 24.0% detected between consecutive readings. Potential fuel leak or theft.,
CAT-EQ-1006,EXCESSIVE_IDLE,MEDIUM,0.76,Continuous idling of 116.3 hours detected without productive engine load.,
CAT-EQ-1006,EXCESSIVE_IDLE,MEDIUM,0.76,Continuous idling of 116.9 hours detected without productive engine load.,
CAT-EQ-1006,EXCESSIVE_IDLE,MEDIUM,0.76,Continuous idling of 117.5 hours detected without productive engine load.,
CAT-EQ-1006,EXCESSIVE_IDLE,MEDIUM,0.76,Continuous idling of 118.1 hours detected without productive engine load.,
CAT-EQ-1006,EXCESSIVE_IDLE,MEDIUM,0.76,Continuous idling of 118.3 hours detected without productive engine load.,
CAT-EQ-1006,EXCESSIVE_IDLE,MEDIUM,0.76,Continuous idling of 118.7 hours detected without productive engine load.,
CAT-EQ-1006,EXCESSIVE_IDLE,MEDIUM,0.76,Continuous idling of 119.3 hours detected without productive engine load.,
CAT-EQ-1006,EXCESSIVE_IDLE,MEDIUM,0.76,Continuous idling of 119.9 hours detected without productive engine load.,
CAT-EQ-1006,EXCESSIVE_IDLE,MEDIUM,0.76,Continuous idling of 120.5 hours detected without productive engine load.,
CAT-EQ-1006,EXCESSIVE_IDLE,MEDIUM,0.76,Continuous idling of 120.7 hours detected without productive engine load.,
CAT-EQ-1006,EXCESSIVE_IDLE,MEDIUM,0.76,Continuous idling of 121.1 hours detected without productive engine load.,
CAT-EQ-1006,EXCESSIVE_IDLE,MEDIUM,0.76,Continuous idling of 121.7 hours detected without productive engine load.,
CAT-EQ-1006,EXCESSIVE_IDLE,MEDIUM,0.76,Continuous idling of 122.3 hours detected without productive engine load.,
CAT-EQ-1006,EXCESSIVE_IDLE,MEDIUM,0.76,Continuous idling of 122.9 hours detected without productive engine load.,
CAT-EQ-1006,EXCESSIVE_IDLE,MEDIUM,0.76,Continuous idling of 123.1 hours detected without productive engine load.,
CAT-EQ-1006,EXCESSIVE_IDLE,MEDIUM,0.76,Continuous idling of 123.5 hours detected without productive engine load.,
CAT-EQ-1006,EXCESSIVE_IDLE,MEDIUM,0.76,Continuous idling of 124.1 hours detected without productive engine load.,
CAT-EQ-1006,EXCESSIVE_IDLE,MEDIUM,0.76,Continuous idling of 124.7 hours detected without productive engine load.,
CAT-EQ-1006,EXCESSIVE_IDLE,MEDIUM,0.76,Continuous idling of 125.3 hours detected without productive engine load.,
CAT-EQ-1006,EXCESSIVE_IDLE,MEDIUM,0.76,Continuous idling of 125.5 hours detected without productive engine load.,
CAT-EQ-1006,EXCESSIVE_IDLE,MEDIUM,0.76,Continuous idling of 125.9 hours detected without productive engine load.,
CAT-EQ-1006,EXCESSIVE_IDLE,MEDIUM,0.76,Continuous idling of 126.5 hours detected without productive engine load.,
CAT-EQ-1006,EXCESSIVE_IDLE,MEDIUM,0.76,Continuous idling of 127.1 hours detected without productive engine load.,
CAT-EQ-1006,EXCESSIVE_IDLE,MEDIUM,0.76,Continuous idling of 127.7 hours detected without productive engine load.,
CAT-EQ-1006,EXCESSIVE_IDLE,MEDIUM,0.76,Continuous idling of 127.9 hours detected without productive engine load.,
CAT-EQ-1006,EXCESSIVE_IDLE,MEDIUM,0.76,Continuous idling of 128.3 hours detected without productive engine load.,
CAT-EQ-1006,EXCESSIVE_IDLE,MEDIUM,0.76,Continuous idling of 128.9 hours detected without productive engine load.,
CAT-EQ-1006,EXCESSIVE_IDLE,MEDIUM,0.76,Continuous idling of 129.5 hours detected without productive engine load.,
CAT-EQ-1006,EXCESSIVE_IDLE,MEDIUM,0.76,Continuous idling of 130.1 hours detected without productive engine load.,
CAT-EQ-1006,EXCESSIVE_IDLE,MEDIUM,0.76,Continuous idling of 130.3 hours detected without productive engine load.,
CAT-EQ-1006,EXCESSIVE_IDLE,MEDIUM,0.76,Continuous idling of 130.7 hours detected without productive engine load.,
CAT-EQ-1006,EXCESSIVE_IDLE,MEDIUM,0.76,Continuous idling of 131.3 hours detected without productive engine load.,
CAT-EQ-1007,EXCESSIVE_IDLE,MEDIUM,0.76,Continuous idling of 107.7 hours detected without productive engine load.,
CAT-EQ-1007,ML_TELEMETRY_OUTLIER,MEDIUM,0.92,Telemetry pattern is unusual compared with the recent operating window.,"{'model': 'IsolationForest', 'speed': 21.1, 'fuel_level': 77.4, 'idle_hours': 107.7, 'engine_hours': 617.2}"
CAT-EQ-1007,EXCESSIVE_IDLE,MEDIUM,0.76,Continuous idling of 108.1 hours detected without productive engine load.,
CAT-EQ-1007,EXCESSIVE_IDLE,MEDIUM,0.76,Continuous idling of 108.7 hours detected without productive engine load.,
CAT-EQ-1007,EXCESSIVE_IDLE,MEDIUM,0.76,Continuous idling of 109.3 hours detected without productive engine load.,
CAT-EQ-1007,EXCESSIVE_IDLE,MEDIUM,0.76,Continuous idling of 109.9 hours detected without productive engine load.,
CAT-EQ-1007,EXCESSIVE_IDLE,MEDIUM,0.76,Continuous idling of 110.1 hours detected without productive engine load.,
CAT-EQ-1007,EXCESSIVE_IDLE,MEDIUM,0.76,Continuous idling of 110.5 hours detected without productive engine load.,
CAT-EQ-1007,EXCESSIVE_IDLE,MEDIUM,0.76,Continuous idling of 111.1 hours detected without productive engine load.,
CAT-EQ-1007,EXCESSIVE_IDLE,MEDIUM,0.76,Continuous idling of 111.7 hours detected without productive engine load.,
CAT-EQ-1007,EXCESSIVE_IDLE,MEDIUM,0.76,Continuous idling of 112.3 hours detected without productive engine load.,
CAT-EQ-1007,EXCESSIVE_IDLE,MEDIUM,0.76,Continuous idling of 112.5 hours detected without productive engine load.,
CAT-EQ-1007,EXCESSIVE_IDLE,MEDIUM,0.76,Continuous idling of 112.9 hours detected without productive engine load.,
CAT-EQ-1007,EXCESSIVE_IDLE,MEDIUM,0.76,Continuous idling of 113.5 hours detected without productive engine load.,
CAT-EQ-1007,EXCESSIVE_IDLE,MEDIUM,0.76,Continuous idling of 114.1 hours detected without productive engine load.,
CAT-EQ-1007,EXCESSIVE_IDLE,MEDIUM,0.76,Continuous idling of 114.7 hours detected without productive engine load.,
CAT-EQ-1007,EXCESSIVE_IDLE,MEDIUM,0.76,Continuous idling of 114.9 hours detected without productive engine load.,
CAT-EQ-1007,EXCESSIVE_IDLE,MEDIUM,0.76,Continuous idling of 115.3 hours detected without productive engine load.,
CAT-EQ-1007,EXCESSIVE_IDLE,MEDIUM,0.76,Continuous idling of 115.9 hours detected without productive engine load.,
CAT-EQ-1007,EXCESSIVE_IDLE,MEDIUM,0.76,Continuous idling of 116.5 hours detected without productive engine load.,
CAT-EQ-1007,EXCESSIVE_IDLE,MEDIUM,0.76,Continuous idling of 117.1 hours detected without productive engine load.,
CAT-EQ-1007,EXCESSIVE_IDLE,MEDIUM,0.76,Continuous idling of 117.3 hours detected without productive engine load.,
CAT-EQ-1007,RAPID_FUEL_DROP,HIGH,0.96,Sudden fuel loss of 24.0% detected between consecutive readings. Potential fuel leak or theft.,
CAT-EQ-1007,EXCESSIVE_IDLE,MEDIUM,0.76,Continuous idling of 117.7 hours detected without productive engine load.,
CAT-EQ-1007,EXCESSIVE_IDLE,MEDIUM,0.76,Continuous idling of 118.3 hours detected without productive engine load.,
CAT-EQ-1007,EXCESSIVE_IDLE,MEDIUM,0.76,Continuous idling of 118.9 hours detected without productive engine load.,
CAT-EQ-1007,EXCESSIVE_IDLE,MEDIUM,0.76,Continuous idling of 119.5 hours detected without productive engine load.,
CAT-EQ-1007,EXCESSIVE_IDLE,MEDIUM,0.76,Continuous idling of 119.7 hours detected without productive engine load.,
CAT-EQ-1007,EXCESSIVE_IDLE,MEDIUM,0.76,Continuous idling of 120.1 hours detected without productive engine load.,
CAT-EQ-1007,EXCESSIVE_IDLE,MEDIUM,0.76,Continuous idling of 120.7 hours detected without productive engine load.,
CAT-EQ-1007,EXCESSIVE_IDLE,MEDIUM,0.76,Continuous idling of 121.3 hours detected without productive engine load.,
CAT-EQ-1007,EXCESSIVE_IDLE,MEDIUM,0.76,Continuous idling of 121.9 hours detected without productive engine load.,
CAT-EQ-1007,EXCESSIVE_IDLE,MEDIUM,0.76,Continuous idling of 122.1 hours detected without productive engine load.,
CAT-EQ-1007,EXCESSIVE_IDLE,MEDIUM,0.76,Continuous idling of 122.5 hours detected without productive engine load.,
CAT-EQ-1007,EXCESSIVE_IDLE,MEDIUM,0.76,Continuous idling of 123.1 hours detected without productive engine load.,
CAT-EQ-1007,EXCESSIVE_IDLE,MEDIUM,0.76,Continuous idling of 123.7 hours detected without productive engine load.,
CAT-EQ-1007,EXCESSIVE_IDLE,MEDIUM,0.76,Continuous idling of 124.3 hours detected without productive engine load.,
CAT-EQ-1007,EXCESSIVE_IDLE,MEDIUM,0.76,Continuous idling of 124.5 hours detected without productive engine load.,
CAT-EQ-1007,EXCESSIVE_IDLE,MEDIUM,0.76,Continuous idling of 124.9 hours detected without productive engine load.,
CAT-EQ-1007,EXCESSIVE_IDLE,MEDIUM,0.76,Continuous idling of 125.5 hours detected without productive engine load.,
CAT-EQ-1007,EXCESSIVE_IDLE,MEDIUM,0.76,Continuous idling of 126.1 hours detected without productive engine load.,
CAT-EQ-1007,EXCESSIVE_IDLE,MEDIUM,0.76,Continuous idling of 126.7 hours detected without productive engine load.,
CAT-EQ-1007,EXCESSIVE_IDLE,MEDIUM,0.76,Continuous idling of 126.9 hours detected without productive engine load.,
CAT-EQ-1007,EXCESSIVE_IDLE,MEDIUM,0.76,Continuous idling of 127.3 hours detected without productive engine load.,
CAT-EQ-1007,EXCESSIVE_IDLE,MEDIUM,0.76,Continuous idling of 127.9 hours detected without productive engine load.,
CAT-EQ-1007,EXCESSIVE_IDLE,MEDIUM,0.76,Continuous idling of 128.5 hours detected without productive engine load.,
CAT-EQ-1007,EXCESSIVE_IDLE,MEDIUM,0.76,Continuous idling of 129.1 hours detected without productive engine load.,
CAT-EQ-1007,EXCESSIVE_IDLE,MEDIUM,0.76,Continuous idling of 129.3 hours detected without productive engine load.,
CAT-EQ-1007,EXCESSIVE_IDLE,MEDIUM,0.76,Continuous idling of 129.7 hours detected without productive engine load.,
CAT-EQ-1007,EXCESSIVE_IDLE,MEDIUM,0.76,Continuous idling of 130.3 hours detected without productive engine load.,
CAT-EQ-1007,EXCESSIVE_IDLE,MEDIUM,0.76,Continuous idling of 130.9 hours detected without productive engine load.,
CAT-EQ-1007,EXCESSIVE_IDLE,MEDIUM,0.76,Continuous idling of 131.5 hours detected without productive engine load.,
CAT-EQ-1007,EXCESSIVE_IDLE,MEDIUM,0.76,Continuous idling of 131.7 hours detected without productive engine load.,
CAT-EQ-1007,EXCESSIVE_IDLE,MEDIUM,0.76,Continuous idling of 132.1 hours detected without productive engine load.,
CAT-EQ-1007,EXCESSIVE_IDLE,MEDIUM,0.76,Continuous idling of 132.7 hours detected without productive engine load.,
CAT-EQ-1007,EXCESSIVE_IDLE,MEDIUM,0.76,Continuous idling of 133.3 hours detected without productive engine load.,
CAT-EQ-1007,EXCESSIVE_IDLE,MEDIUM,0.76,Continuous idling of 133.9 hours detected without productive engine load.,
CAT-EQ-1007,EXCESSIVE_IDLE,MEDIUM,0.76,Continuous idling of 134.1 hours detected without productive engine load.,
CAT-EQ-1007,EXCESSIVE_IDLE,MEDIUM,0.76,Continuous idling of 134.5 hours detected without productive engine load.,
CAT-EQ-1007,EXCESSIVE_IDLE,MEDIUM,0.76,Continuous idling of 135.1 hours detected without productive engine load.,
CAT-EQ-1007,EXCESSIVE_IDLE,MEDIUM,0.76,Continuous idling of 135.7 hours detected without productive engine load.,
CAT-EQ-1007,EXCESSIVE_IDLE,MEDIUM,0.76,Continuous idling of 136.3 hours detected without productive engine load.,
CAT-EQ-1007,EXCESSIVE_IDLE,MEDIUM,0.76,Continuous idling of 136.5 hours detected without productive engine load.,
CAT-EQ-1007,EXCESSIVE_IDLE,MEDIUM,0.76,Continuous idling of 136.9 hours detected without productive engine load.,
CAT-EQ-1007,EXCESSIVE_IDLE,MEDIUM,0.76,Continuous idling of 137.5 hours detected without productive engine load.,
CAT-EQ-1007,EXCESSIVE_IDLE,MEDIUM,0.76,Continuous idling of 138.1 hours detected without productive engine load.,
CAT-EQ-1007,EXCESSIVE_IDLE,MEDIUM,0.76,Continuous idling of 138.7 hours detected without productive engine load.,
CAT-EQ-1007,EXCESSIVE_IDLE,MEDIUM,0.76,Continuous idling of 138.9 hours detected without productive engine load.,
CAT-EQ-1007,EXCESSIVE_IDLE,MEDIUM,0.76,Continuous idling of 139.3 hours detected without productive engine load.,
CAT-EQ-1007,EXCESSIVE_IDLE,MEDIUM,0.76,Continuous idling of 139.9 hours detected without productive engine load.,
CAT-EQ-1008,EXCESSIVE_IDLE,MEDIUM,0.76,Continuous idling of 140.4 hours detected without productive engine load.,
CAT-EQ-1008,ML_TELEMETRY_OUTLIER,MEDIUM,0.92,Telemetry pattern is unusual compared with the recent operating window.,"{'model': 'IsolationForest', 'speed': 19.2, 'fuel_level': 78.2, 'idle_hours': 140.4, 'engine_hours': 875.3}"
CAT-EQ-1008,EXCESSIVE_IDLE,MEDIUM,0.76,Continuous idling of 140.8 hours detected without productive engine load.,
CAT-EQ-1008,EXCESSIVE_IDLE,MEDIUM,0.76,Continuous idling of 141.4 hours detected without productive engine load.,
CAT-EQ-1008,EXCESSIVE_IDLE,MEDIUM,0.76,Continuous idling of 142.0 hours detected without productive engine load.,
CAT-EQ-1008,EXCESSIVE_IDLE,MEDIUM,0.76,Continuous idling of 142.6 hours detected without productive engine load.,
CAT-EQ-1008,EXCESSIVE_IDLE,MEDIUM,0.76,Continuous idling of 142.8 hours detected without productive engine load.,
CAT-EQ-1008,EXCESSIVE_IDLE,MEDIUM,0.76,Continuous idling of 143.2 hours detected without productive engine load.,
CAT-EQ-1008,EXCESSIVE_IDLE,MEDIUM,0.76,Continuous idling of 143.8 hours detected without productive engine load.,
CAT-EQ-1008,EXCESSIVE_IDLE,MEDIUM,0.76,Continuous idling of 144.4 hours detected without productive engine load.,
CAT-EQ-1008,EXCESSIVE_IDLE,MEDIUM,0.76,Continuous idling of 145.0 hours detected without productive engine load.,
CAT-EQ-1008,EXCESSIVE_IDLE,MEDIUM,0.76,Continuous idling of 145.2 hours detected without productive engine load.,
CAT-EQ-1008,EXCESSIVE_IDLE,MEDIUM,0.76,Continuous idling of 145.6 hours detected without productive engine load.,
CAT-EQ-1008,EXCESSIVE_IDLE,MEDIUM,0.76,Continuous idling of 146.2 hours detected without productive engine load.,
CAT-EQ-1008,EXCESSIVE_IDLE,MEDIUM,0.76,Continuous idling of 146.8 hours detected without productive engine load.,
CAT-EQ-1008,EXCESSIVE_IDLE,MEDIUM,0.76,Continuous idling of 147.4 hours detected without productive engine load.,
CAT-EQ-1008,EXCESSIVE_IDLE,MEDIUM,0.76,Continuous idling of 147.6 hours detected without productive engine load.,
CAT-EQ-1008,EXCESSIVE_IDLE,MEDIUM,0.76,Continuous idling of 148.0 hours detected without productive engine load.,
CAT-EQ-1008,EXCESSIVE_IDLE,MEDIUM,0.76,Continuous idling of 148.6 hours detected without productive engine load.,
CAT-EQ-1008,EXCESSIVE_IDLE,MEDIUM,0.76,Continuous idling of 149.2 hours detected without productive engine load.,
CAT-EQ-1008,EXCESSIVE_IDLE,MEDIUM,0.76,Continuous idling of 149.8 hours detected without productive engine load.,
CAT-EQ-1008,EXCESSIVE_IDLE,MEDIUM,0.76,Continuous idling of 150.0 hours detected without productive engine load.,
CAT-EQ-1008,EXCESSIVE_IDLE,MEDIUM,0.76,Continuous idling of 150.4 hours detected without productive engine load.,
CAT-EQ-1008,EXCESSIVE_IDLE,MEDIUM,0.76,Continuous idling of 151.0 hours detected without productive engine load.,
CAT-EQ-1008,EXCESSIVE_IDLE,MEDIUM,0.76,Continuous idling of 151.6 hours detected without productive engine load.,
CAT-EQ-1008,EXCESSIVE_IDLE,MEDIUM,0.76,Continuous idling of 152.2 hours detected without productive engine load.,
CAT-EQ-1008,EXCESSIVE_IDLE,MEDIUM,0.76,Continuous idling of 152.4 hours detected without productive engine load.,
CAT-EQ-1008,EXCESSIVE_IDLE,MEDIUM,0.76,Continuous idling of 152.8 hours detected without productive engine load.,
CAT-EQ-1008,EXCESSIVE_IDLE,MEDIUM,0.76,Continuous idling of 153.4 hours detected without productive engine load.,
CAT-EQ-1008,EXCESSIVE_IDLE,MEDIUM,0.76,Continuous idling of 154.0 hours detected without productive engine load.,
CAT-EQ-1008,EXCESSIVE_IDLE,MEDIUM,0.76,Continuous idling of 154.6 hours detected without productive engine load.,
CAT-EQ-1008,EXCESSIVE_IDLE,MEDIUM,0.76,Continuous idling of 154.8 hours detected without productive engine load.,
CAT-EQ-1008,EXCESSIVE_IDLE,MEDIUM,0.76,Continuous idling of 155.2 hours detected without productive engine load.,
CAT-EQ-1008,EXCESSIVE_IDLE,MEDIUM,0.76,Continuous idling of 155.8 hours detected without productive engine load.,
CAT-EQ-1008,EXCESSIVE_IDLE,MEDIUM,0.76,Continuous idling of 156.4 hours detected without productive engine load.,
CAT-EQ-1008,EXCESSIVE_IDLE,MEDIUM,0.76,Continuous idling of 157.0 hours detected without productive engine load.,
CAT-EQ-1008,EXCESSIVE_IDLE,MEDIUM,0.76,Continuous idling of 157.2 hours detected without productive engine load.,
CAT-EQ-1008,EXCESSIVE_IDLE,MEDIUM,0.76,Continuous idling of 157.6 hours detected without productive engine load.,
CAT-EQ-1008,EXCESSIVE_IDLE,MEDIUM,0.76,Continuous idling of 158.2 hours detected without productive engine load.,
CAT-EQ-1008,EXCESSIVE_IDLE,MEDIUM,0.76,Continuous idling of 158.8 hours detected without productive engine load.,
CAT-EQ-1008,EXCESSIVE_IDLE,MEDIUM,0.76,Continuous idling of 159.4 hours detected without productive engine load.,
CAT-EQ-1008,EXCESSIVE_IDLE,MEDIUM,0.76,Continuous idling of 159.6 hours detected without productive engine load.,
CAT-EQ-1008,EXCESSIVE_IDLE,MEDIUM,0.76,Continuous idling of 160.0 hours detected without productive engine load.,
CAT-EQ-1008,EXCESSIVE_IDLE,MEDIUM,0.76,Continuous idling of 160.6 hours detected without productive engine load.,
CAT-EQ-1008,EXCESSIVE_IDLE,MEDIUM,0.76,Continuous idling of 161.2 hours detected without productive engine load.,
CAT-EQ-1008,EXCESSIVE_IDLE,MEDIUM,0.76,Continuous idling of 161.8 hours detected without productive engine load.,
CAT-EQ-1008,EXCESSIVE_IDLE,MEDIUM,0.76,Continuous idling of 162.0 hours detected without productive engine load.,
CAT-EQ-1008,EXCESSIVE_IDLE,MEDIUM,0.76,Continuous idling of 162.4 hours detected without productive engine load.,
CAT-EQ-1008,EXCESSIVE_IDLE,MEDIUM,0.76,Continuous idling of 163.0 hours detected without productive engine load.,
CAT-EQ-1008,EXCESSIVE_IDLE,MEDIUM,0.76,Continuous idling of 163.6 hours detected without productive engine load.,
CAT-EQ-1008,EXCESSIVE_IDLE,MEDIUM,0.76,Continuous idling of 164.2 hours detected without productive engine load.,
CAT-EQ-1008,EXCESSIVE_IDLE,MEDIUM,0.76,Continuous idling of 164.4 hours detected without productive engine load.,
CAT-EQ-1008,EXCESSIVE_IDLE,MEDIUM,0.76,Continuous idling of 164.8 hours detected without productive engine load.,
CAT-EQ-1008,EXCESSIVE_IDLE,MEDIUM,0.76,Continuous idling of 165.4 hours detected without productive engine load.,
CAT-EQ-1008,EXCESSIVE_IDLE,MEDIUM,0.76,Continuous idling of 166.0 hours detected without productive engine load.,
CAT-EQ-1008,EXCESSIVE_IDLE,MEDIUM,0.76,Continuous idling of 166.6 hours detected without productive engine load.,
CAT-EQ-1008,EXCESSIVE_IDLE,MEDIUM,0.76,Continuous idling of 166.8 hours detected without productive engine load.,
CAT-EQ-1008,EXCESSIVE_IDLE,MEDIUM,0.76,Continuous idling of 167.2 hours detected without productive engine load.,
CAT-EQ-1008,EXCESSIVE_IDLE,MEDIUM,0.76,Continuous idling of 167.8 hours detected without productive engine load.,
CAT-EQ-1008,EXCESSIVE_IDLE,MEDIUM,0.76,Continuous idling of 168.4 hours detected without productive engine load.,
CAT-EQ-1008,EXCESSIVE_IDLE,MEDIUM,0.76,Continuous idling of 169.0 hours detected without productive engine load.,
CAT-EQ-1008,EXCESSIVE_IDLE,MEDIUM,0.76,Continuous idling of 169.2 hours detected without productive engine load.,
CAT-EQ-1008,EXCESSIVE_IDLE,MEDIUM,0.76,Continuous idling of 169.6 hours detected without productive engine load.,
CAT-EQ-1008,EXCESSIVE_IDLE,MEDIUM,0.76,Continuous idling of 170.2 hours detected without productive engine load.,
CAT-EQ-1008,EXCESSIVE_IDLE,MEDIUM,0.76,Continuous idling of 170.8 hours detected without productive engine load.,
CAT-EQ-1008,EXCESSIVE_IDLE,MEDIUM,0.76,Continuous idling of 171.4 hours detected without productive engine load.,
CAT-EQ-1008,EXCESSIVE_IDLE,MEDIUM,0.76,Continuous idling of 171.6 hours detected without productive engine load.,
CAT-EQ-1008,EXCESSIVE_IDLE,MEDIUM,0.76,Continuous idling of 172.0 hours detected without productive engine load.,
CAT-EQ-1008,EXCESSIVE_IDLE,MEDIUM,0.76,Continuous idling of 172.6 hours detected without productive engine load.,
CAT-EQ-1009,EXCESSIVE_IDLE,MEDIUM,0.76,Continuous idling of 33.3 hours detected without productive engine load.,
CAT-EQ-1009,ML_TELEMETRY_OUTLIER,HIGH,0.99,Telemetry pattern is unusual compared with the recent operating window.,"{'model': 'IsolationForest', 'speed': 24.1, 'fuel_level': 78.9, 'idle_hours': 33.3, 'engine_hours': 1126.4}"
CAT-EQ-1009,EXCESSIVE_IDLE,MEDIUM,0.76,Continuous idling of 33.7 hours detected without productive engine load.,
CAT-EQ-1009,EXCESSIVE_IDLE,MEDIUM,0.76,Continuous idling of 34.3 hours detected without productive engine load.,
CAT-EQ-1009,EXCESSIVE_IDLE,MEDIUM,0.76,Continuous idling of 34.9 hours detected without productive engine load.,
CAT-EQ-1009,EXCESSIVE_IDLE,MEDIUM,0.76,Continuous idling of 35.5 hours detected without productive engine load.,
CAT-EQ-1009,EXCESSIVE_IDLE,MEDIUM,0.76,Continuous idling of 35.7 hours detected without productive engine load.,
CAT-EQ-1009,EXCESSIVE_IDLE,MEDIUM,0.76,Continuous idling of 36.1 hours detected without productive engine load.,
CAT-EQ-1009,EXCESSIVE_IDLE,MEDIUM,0.76,Continuous idling of 36.7 hours detected without productive engine load.,
CAT-EQ-1009,EXCESSIVE_IDLE,MEDIUM,0.76,Continuous idling of 37.3 hours detected without productive engine load.,
CAT-EQ-1009,EXCESSIVE_IDLE,MEDIUM,0.76,Continuous idling of 37.9 hours detected without productive engine load.,
CAT-EQ-1009,EXCESSIVE_IDLE,MEDIUM,0.76,Continuous idling of 38.1 hours detected without productive engine load.,
CAT-EQ-1009,EXCESSIVE_IDLE,MEDIUM,0.76,Continuous idling of 38.5 hours detected without productive engine load.,
CAT-EQ-1009,EXCESSIVE_IDLE,MEDIUM,0.76,Continuous idling of 39.1 hours detected without productive engine load.,
CAT-EQ-1009,EXCESSIVE_IDLE,MEDIUM,0.76,Continuous idling of 39.7 hours detected without productive engine load.,
CAT-EQ-1009,EXCESSIVE_IDLE,MEDIUM,0.76,Continuous idling of 40.3 hours detected without productive engine load.,
CAT-EQ-1009,EXCESSIVE_IDLE,MEDIUM,0.76,Continuous idling of 40.5 hours detected without productive engine load.,
CAT-EQ-1009,EXCESSIVE_IDLE,MEDIUM,0.76,Continuous idling of 40.9 hours detected without productive engine load.,
CAT-EQ-1009,EXCESSIVE_IDLE,MEDIUM,0.76,Continuous idling of 41.5 hours detected without productive engine load.,
CAT-EQ-1009,EXCESSIVE_IDLE,MEDIUM,0.76,Continuous idling of 42.1 hours detected without productive engine load.,
CAT-EQ-1009,EXCESSIVE_IDLE,MEDIUM,0.76,Continuous idling of 42.7 hours detected without productive engine load.,
CAT-EQ-1009,EXCESSIVE_IDLE,MEDIUM,0.76,Continuous idling of 42.9 hours detected without productive engine load.,
CAT-EQ-1009,EXCESSIVE_IDLE,MEDIUM,0.76,Continuous idling of 43.3 hours detected without productive engine load.,
CAT-EQ-1009,EXCESSIVE_IDLE,MEDIUM,0.76,Continuous idling of 43.9 hours detected without productive engine load.,
CAT-EQ-1009,EXCESSIVE_IDLE,MEDIUM,0.76,Continuous idling of 44.5 hours detected without productive engine load.,
CAT-EQ-1009,EXCESSIVE_IDLE,MEDIUM,0.76,Continuous idling of 45.1 hours detected without productive engine load.,
CAT-EQ-1009,EXCESSIVE_IDLE,MEDIUM,0.76,Continuous idling of 45.3 hours detected without productive engine load.,
CAT-EQ-1009,EXCESSIVE_IDLE,MEDIUM,0.76,Continuous idling of 45.7 hours detected without productive engine load.,
CAT-EQ-1009,EXCESSIVE_IDLE,MEDIUM,0.76,Continuous idling of 46.3 hours detected without productive engine load.,
CAT-EQ-1009,EXCESSIVE_IDLE,MEDIUM,0.76,Continuous idling of 46.9 hours detected without productive engine load.,
CAT-EQ-1009,EXCESSIVE_IDLE,MEDIUM,0.76,Continuous idling of 47.5 hours detected without productive engine load.,
CAT-EQ-1009,EXCESSIVE_IDLE,MEDIUM,0.76,Continuous idling of 47.7 hours detected without productive engine load.,
CAT-EQ-1009,EXCESSIVE_SPEED,HIGH,0.99,Operating speed of 94.5 km/h exceeds equipment safe limit of 80.0 km/h.,
CAT-EQ-1009,EXCESSIVE_IDLE,MEDIUM,0.76,Continuous idling of 48.1 hours detected without productive engine load.,
CAT-EQ-1009,EXCESSIVE_IDLE,MEDIUM,0.76,Continuous idling of 48.7 hours detected without productive engine load.,
CAT-EQ-1009,EXCESSIVE_IDLE,MEDIUM,0.76,Continuous idling of 49.3 hours detected without productive engine load.,
CAT-EQ-1009,EXCESSIVE_IDLE,MEDIUM,0.76,Continuous idling of 49.9 hours detected without productive engine load.,
CAT-EQ-1009,EXCESSIVE_IDLE,MEDIUM,0.76,Continuous idling of 50.1 hours detected without productive engine load.,
CAT-EQ-1009,EXCESSIVE_IDLE,MEDIUM,0.76,Continuous idling of 50.5 hours detected without productive engine load.,
CAT-EQ-1009,EXCESSIVE_IDLE,MEDIUM,0.76,Continuous idling of 51.1 hours detected without productive engine load.,
CAT-EQ-1009,EXCESSIVE_IDLE,MEDIUM,0.76,Continuous idling of 51.7 hours detected without productive engine load.,
CAT-EQ-1009,RAPID_FUEL_DROP,HIGH,0.96,Sudden fuel loss of 24.0% detected between consecutive readings. Potential fuel leak or theft.,
CAT-EQ-1009,EXCESSIVE_IDLE,MEDIUM,0.76,Continuous idling of 52.3 hours detected without productive engine load.,
CAT-EQ-1009,EXCESSIVE_IDLE,MEDIUM,0.76,Continuous idling of 52.5 hours detected without productive engine load.,
CAT-EQ-1009,EXCESSIVE_IDLE,MEDIUM,0.76,Continuous idling of 52.9 hours detected without productive engine load.,
CAT-EQ-1009,EXCESSIVE_IDLE,MEDIUM,0.76,Continuous idling of 53.5 hours detected without productive engine load.,
CAT-EQ-1009,EXCESSIVE_IDLE,MEDIUM,0.76,Continuous idling of 54.1 hours detected without productive engine load.,
CAT-EQ-1009,EXCESSIVE_IDLE,MEDIUM,0.76,Continuous idling of 54.7 hours detected without productive engine load.,
CAT-EQ-1009,EXCESSIVE_IDLE,MEDIUM,0.76,Continuous idling of 54.9 hours detected without productive engine load.,
CAT-EQ-1009,EXCESSIVE_IDLE,MEDIUM,0.76,Continuous idling of 55.3 hours detected without productive engine load.,
CAT-EQ-1009,EXCESSIVE_IDLE,MEDIUM,0.76,Continuous idling of 55.9 hours detected without productive engine load.,
CAT-EQ-1009,EXCESSIVE_IDLE,MEDIUM,0.76,Continuous idling of 56.5 hours detected without productive engine load.,
CAT-EQ-1009,EXCESSIVE_IDLE,MEDIUM,0.76,Continuous idling of 57.1 hours detected without productive engine load.,
CAT-EQ-1009,EXCESSIVE_IDLE,MEDIUM,0.76,Continuous idling of 57.3 hours detected without productive engine load.,
CAT-EQ-1009,EXCESSIVE_IDLE,MEDIUM,0.76,Continuous idling of 57.7 hours detected without productive engine load.,
CAT-EQ-1009,EXCESSIVE_IDLE,MEDIUM,0.76,Continuous idling of 58.3 hours detected without productive engine load.,
CAT-EQ-1009,EXCESSIVE_IDLE,MEDIUM,0.76,Continuous idling of 58.9 hours detected without productive engine load.,
CAT-EQ-1009,EXCESSIVE_IDLE,MEDIUM,0.76,Continuous idling of 59.5 hours detected without productive engine load.,
CAT-EQ-1009,EXCESSIVE_IDLE,MEDIUM,0.76,Continuous idling of 59.7 hours detected without productive engine load.,
CAT-EQ-1009,EXCESSIVE_IDLE,MEDIUM,0.76,Continuous idling of 60.1 hours detected without productive engine load.,
CAT-EQ-1009,EXCESSIVE_IDLE,MEDIUM,0.76,Continuous idling of 60.7 hours detected without productive engine load.,
CAT-EQ-1009,EXCESSIVE_IDLE,MEDIUM,0.76,Continuous idling of 61.3 hours detected without productive engine load.,
CAT-EQ-1009,EXCESSIVE_IDLE,MEDIUM,0.76,Continuous idling of 61.9 hours detected without productive engine load.,
CAT-EQ-1009,EXCESSIVE_IDLE,MEDIUM,0.76,Continuous idling of 62.1 hours detected without productive engine load.,
CAT-EQ-1009,EXCESSIVE_IDLE,MEDIUM,0.76,Continuous idling of 62.5 hours detected without productive engine load.,
CAT-EQ-1009,EXCESSIVE_IDLE,MEDIUM,0.76,Continuous idling of 63.1 hours detected without productive engine load.,
CAT-EQ-1009,EXCESSIVE_IDLE,MEDIUM,0.76,Continuous idling of 63.7 hours detected without productive engine load.,
CAT-EQ-1009,EXCESSIVE_IDLE,MEDIUM,0.76,Continuous idling of 64.3 hours detected without productive engine load.,
CAT-EQ-1009,EXCESSIVE_IDLE,MEDIUM,0.76,Continuous idling of 64.5 hours detected without productive engine load.,
CAT-EQ-1009,EXCESSIVE_IDLE,MEDIUM,0.76,Continuous idling of 64.9 hours detected without productive engine load.,
CAT-EQ-1009,EXCESSIVE_IDLE,MEDIUM,0.76,Continuous idling of 65.5 hours detected without productive engine load.,
CAT-EQ-1010,EXCESSIVE_IDLE,MEDIUM,0.76,Continuous idling of 48.1 hours detected without productive engine load.,
CAT-EQ-1010,ML_TELEMETRY_OUTLIER,MEDIUM,0.83,Telemetry pattern is unusual compared with the recent operating window.,"{'model': 'IsolationForest', 'speed': 24.2, 'fuel_level': 57.1, 'idle_hours': 48.1, 'engine_hours': 1296.5}"
CAT-EQ-1010,EXCESSIVE_IDLE,MEDIUM,0.76,Continuous idling of 48.5 hours detected without productive engine load.,
CAT-EQ-1010,EXCESSIVE_IDLE,MEDIUM,0.76,Continuous idling of 49.1 hours detected without productive engine load.,
CAT-EQ-1010,EXCESSIVE_IDLE,MEDIUM,0.76,Continuous idling of 49.7 hours detected without productive engine load.,
CAT-EQ-1010,EXCESSIVE_IDLE,MEDIUM,0.76,Continuous idling of 50.3 hours detected without productive engine load.,
CAT-EQ-1010,EXCESSIVE_IDLE,MEDIUM,0.76,Continuous idling of 50.5 hours detected without productive engine load.,
CAT-EQ-1010,EXCESSIVE_IDLE,MEDIUM,0.76,Continuous idling of 50.9 hours detected without productive engine load.,
CAT-EQ-1010,EXCESSIVE_IDLE,MEDIUM,0.76,Continuous idling of 51.5 hours detected without productive engine load.,
CAT-EQ-1010,EXCESSIVE_IDLE,MEDIUM,0.76,Continuous idling of 52.1 hours detected without productive engine load.,
CAT-EQ-1010,EXCESSIVE_IDLE,MEDIUM,0.76,Continuous idling of 52.7 hours detected without productive engine load.,
CAT-EQ-1010,EXCESSIVE_IDLE,MEDIUM,0.76,Continuous idling of 52.9 hours detected without productive engine load.,
CAT-EQ-1010,EXCESSIVE_IDLE,MEDIUM,0.76,Continuous idling of 53.3 hours detected without productive engine load.,
CAT-EQ-1010,EXCESSIVE_IDLE,MEDIUM,0.76,Continuous idling of 53.9 hours detected without productive engine load.,
CAT-EQ-1010,EXCESSIVE_IDLE,MEDIUM,0.76,Continuous idling of 54.5 hours detected without productive engine load.,
CAT-EQ-1010,EXCESSIVE_IDLE,MEDIUM,0.76,Continuous idling of 55.1 hours detected without productive engine load.,
CAT-EQ-1010,EXCESSIVE_IDLE,MEDIUM,0.76,Continuous idling of 55.3 hours detected without productive engine load.,
CAT-EQ-1010,EXCESSIVE_IDLE,MEDIUM,0.76,Continuous idling of 55.7 hours detected without productive engine load.,
CAT-EQ-1010,EXCESSIVE_IDLE,MEDIUM,0.76,Continuous idling of 56.3 hours detected without productive engine load.,
CAT-EQ-1010,EXCESSIVE_IDLE,MEDIUM,0.76,Continuous idling of 56.9 hours detected without productive engine load.,
CAT-EQ-1010,EXCESSIVE_IDLE,MEDIUM,0.76,Continuous idling of 57.5 hours detected without productive engine load.,
CAT-EQ-1010,EXCESSIVE_IDLE,MEDIUM,0.76,Continuous idling of 57.7 hours detected without productive engine load.,
CAT-EQ-1010,EXCESSIVE_IDLE,MEDIUM,0.76,Continuous idling of 58.1 hours detected without productive engine load.,
CAT-EQ-1010,EXCESSIVE_IDLE,MEDIUM,0.76,Continuous idling of 58.7 hours detected without productive engine load.,
CAT-EQ-1010,EXCESSIVE_IDLE,MEDIUM,0.76,Continuous idling of 59.3 hours detected without productive engine load.,
CAT-EQ-1010,EXCESSIVE_IDLE,MEDIUM,0.76,Continuous idling of 59.9 hours detected without productive engine load.,
CAT-EQ-1010,EXCESSIVE_IDLE,MEDIUM,0.76,Continuous idling of 60.1 hours detected without productive engine load.,
CAT-EQ-1010,EXCESSIVE_IDLE,MEDIUM,0.76,Continuous idling of 60.5 hours detected without productive engine load.,
CAT-EQ-1010,EXCESSIVE_IDLE,MEDIUM,0.76,Continuous idling of 61.1 hours detected without productive engine load.,
CAT-EQ-1010,EXCESSIVE_IDLE,MEDIUM,0.76,Continuous idling of 61.7 hours detected without productive engine load.,
CAT-EQ-1010,EXCESSIVE_IDLE,MEDIUM,0.76,Continuous idling of 62.3 hours detected without productive engine load.,
CAT-EQ-1010,EXCESSIVE_IDLE,MEDIUM,0.76,Continuous idling of 62.5 hours detected without productive engine load.,
CAT-EQ-1010,EXCESSIVE_IDLE,MEDIUM,0.76,Continuous idling of 62.9 hours detected without productive engine load.,
CAT-EQ-1010,EXCESSIVE_IDLE,MEDIUM,0.76,Continuous idling of 63.5 hours detected without productive engine load.,
CAT-EQ-1010,EXCESSIVE_IDLE,MEDIUM,0.76,Continuous idling of 64.1 hours detected without productive engine load.,
CAT-EQ-1010,EXCESSIVE_IDLE,MEDIUM,0.76,Continuous idling of 64.7 hours detected without productive engine load.,
CAT-EQ-1010,EXCESSIVE_IDLE,MEDIUM,0.76,Continuous idling of 64.9 hours detected without productive engine load.,
CAT-EQ-1010,EXCESSIVE_IDLE,MEDIUM,0.76,Continuous idling of 65.3 hours detected without productive engine load.,
CAT-EQ-1010,EXCESSIVE_IDLE,MEDIUM,0.76,Continuous idling of 65.9 hours detected without productive engine load.,
CAT-EQ-1010,EXCESSIVE_IDLE,MEDIUM,0.76,Continuous idling of 66.5 hours detected without productive engine load.,
CAT-EQ-1010,EXCESSIVE_IDLE,MEDIUM,0.76,Continuous idling of 67.1 hours detected without productive engine load.,
CAT-EQ-1010,EXCESSIVE_IDLE,MEDIUM,0.76,Continuous idling of 67.3 hours detected without productive engine load.,
CAT-EQ-1010,EXCESSIVE_IDLE,MEDIUM,0.76,Continuous idling of 67.7 hours detected without productive engine load.,
CAT-EQ-1010,EXCESSIVE_IDLE,MEDIUM,0.76,Continuous idling of 68.3 hours detected without productive engine load.,
CAT-EQ-1010,EXCESSIVE_IDLE,MEDIUM,0.76,Continuous idling of 68.9 hours detected without productive engine load.,
CAT-EQ-1010,EXCESSIVE_IDLE,MEDIUM,0.76,Continuous idling of 69.5 hours detected without productive engine load.,
CAT-EQ-1010,RAPID_FUEL_DROP,HIGH,0.96,Sudden fuel loss of 24.0% detected between consecutive readings. Potential fuel leak or theft.,
CAT-EQ-1010,EXCESSIVE_IDLE,MEDIUM,0.76,Continuous idling of 69.7 hours detected without productive engine load.,
CAT-EQ-1010,EXCESSIVE_IDLE,MEDIUM,0.76,Continuous idling of 70.1 hours detected without productive engine load.,
CAT-EQ-1010,EXCESSIVE_IDLE,MEDIUM,0.76,Continuous idling of 70.7 hours detected without productive engine load.,
CAT-EQ-1010,EXCESSIVE_IDLE,MEDIUM,0.76,Continuous idling of 71.3 hours detected without productive engine load.,
CAT-EQ-1010,EXCESSIVE_IDLE,MEDIUM,0.76,Continuous idling of 71.9 hours detected without productive engine load.,
CAT-EQ-1010,EXCESSIVE_IDLE,MEDIUM,0.76,Continuous idling of 72.1 hours detected without productive engine load.,
CAT-EQ-1010,EXCESSIVE_IDLE,MEDIUM,0.76,Continuous idling of 72.5 hours detected without productive engine load.,
CAT-EQ-1010,EXCESSIVE_IDLE,MEDIUM,0.76,Continuous idling of 73.1 hours detected without productive engine load.,
CAT-EQ-1010,EXCESSIVE_IDLE,MEDIUM,0.76,Continuous idling of 73.7 hours detected without productive engine load.,
CAT-EQ-1010,EXCESSIVE_IDLE,MEDIUM,0.76,Continuous idling of 74.3 hours detected without productive engine load.,
CAT-EQ-1010,EXCESSIVE_IDLE,MEDIUM,0.76,Continuous idling of 74.5 hours detected without productive engine load.,
CAT-EQ-1010,EXCESSIVE_IDLE,MEDIUM,0.76,Continuous idling of 74.9 hours detected without productive engine load.,
CAT-EQ-1010,EXCESSIVE_IDLE,MEDIUM,0.76,Continuous idling of 75.5 hours detected without productive engine load.,
CAT-EQ-1010,EXCESSIVE_IDLE,MEDIUM,0.76,Continuous idling of 76.1 hours detected without productive engine load.,
CAT-EQ-1010,EXCESSIVE_IDLE,MEDIUM,0.76,Continuous idling of 76.7 hours detected without productive engine load.,
CAT-EQ-1010,EXCESSIVE_IDLE,MEDIUM,0.76,Continuous idling of 76.9 hours detected without productive engine load.,
CAT-EQ-1010,EXCESSIVE_IDLE,MEDIUM,0.76,Continuous idling of 77.3 hours detected without productive engine load.,
CAT-EQ-1010,EXCESSIVE_IDLE,MEDIUM,0.76,Continuous idling of 77.9 hours detected without productive engine load.,
CAT-EQ-1010,EXCESSIVE_IDLE,MEDIUM,0.76,Continuous idling of 78.5 hours detected without productive engine load.,
CAT-EQ-1010,EXCESSIVE_IDLE,MEDIUM,0.76,Continuous idling of 79.1 hours detected without productive engine load.,
CAT-EQ-1010,EXCESSIVE_IDLE,MEDIUM,0.76,Continuous idling of 79.3 hours detected without productive engine load.,
CAT-EQ-1010,EXCESSIVE_IDLE,MEDIUM,0.76,Continuous idling of 79.7 hours detected without productive engine load.,
CAT-EQ-1010,EXCESSIVE_IDLE,MEDIUM,0.76,Continuous idling of 80.3 hours detected without productive engine load.,
