date,count,site_code,baseline_pred,predicted_demand
2026-08-09,1,S-CAT-BLR01,2.4285714285714284,1.3175563
2026-08-09,1,S-CAT-BLR01,2.142857142857143,2.1439803
2026-08-10,2,S-CAT-BLR01,1.7142857142857142,2.8760602
2026-08-10,5,S-CAT-BLR01,1.5714285714285714,3.5006146
2026-08-11,4,S-CAT-BLR01,2.142857142857143,2.5821524
2026-08-11,4,S-CAT-BLR01,2.4285714285714284,2.938738
2026-08-12,3,S-CAT-BLR01,2.857142857142857,2.524083
2026-08-12,2,S-CAT-BLR01,2.857142857142857,3.1399617
2026-08-13,4,S-CAT-BLR01,3.0,3.345891
2026-08-13,5,S-CAT-BLR01,3.4285714285714284,2.9134176
2026-08-14,2,S-CAT-BLR01,3.857142857142857,1.963129
2026-08-14,5,S-CAT-BLR01,3.4285714285714284,2.9681926
2026-08-15,0,S-CAT-BLR01,3.5714285714285716,1.1204561
2026-08-15,1,S-CAT-BLR01,3.0,2.0736387
2026-08-16,1,S-CAT-BLR01,2.7142857142857144,1.6647364
2026-08-16,2,S-CAT-BLR01,2.5714285714285716,1.7410551
2026-08-17,1,S-CAT-BLR01,2.2857142857142856,2.141013
2026-08-17,3,S-CAT-BLR01,1.7142857142857142,3.2622097
2026-08-18,1,S-CAT-BLR01,1.8571428571428572,2.598041
2026-08-18,4,S-CAT-BLR01,1.2857142857142858,3.4363155
2026-08-19,4,S-CAT-BLR01,1.8571428571428572,2.7947218
2026-08-19,3,S-CAT-BLR01,2.2857142857142856,2.8333788
2026-08-20,2,S-CAT-BLR01,2.5714285714285716,3.0831733
2026-08-20,5,S-CAT-BLR01,2.5714285714285716,3.4978254
2026-08-21,1,S-CAT-BLR01,3.142857142857143,2.3270352
2026-08-21,5,S-CAT-BLR01,2.857142857142857,3.5209281
2026-08-22,1,S-CAT-BLR01,3.4285714285714284,0.9128764
2026-08-22,1,S-CAT-BLR01,3.0,1.7293922
2026-08-23,2,S-CAT-BLR01,2.5714285714285716,1.334457
2026-08-23,3,S-CAT-BLR01,2.4285714285714284,1.5822474
2026-08-24,3,S-CAT-BLR01,2.5714285714285716,1.850815
2026-08-24,5,S-CAT-BLR01,2.2857142857142856,2.9065683
2026-08-25,1,S-CAT-BLR01,2.857142857142857,2.1087933
2026-08-25,5,S-CAT-BLR01,2.2857142857142856,3.5212557
2026-08-26,3,S-CAT-BLR01,2.857142857142857,3.0297298
2026-08-26,5,S-CAT-BLR01,3.142857142857143,2.881091
2026-08-27,4,S-CAT-BLR01,3.5714285714285716,2.312754
2026-08-27,2,S-CAT-BLR01,3.7142857142857144,3.4277523
2026-08-28,4,S-CAT-BLR01,3.5714285714285716,2.472416
2026-08-28,4,S-CAT-BLR01,3.4285714285714284,3.580072
2026-08-29,1,S-CAT-BLR01,3.857142857142857,1.1550837
2026-08-29,1,S-CAT-BLR01,3.2857142857142856,1.9344201
2026-08-30,1,S-CAT-BLR01,3.0,1.1695527
2026-08-30,1,S-CAT-BLR01,2.4285714285714284,2.1703467
2026-08-31,4,S-CAT-BLR01,2.0,2.9479885
2026-08-31,3,S-CAT-BLR01,2.2857142857142856,3.5382137
2026-09-01,4,S-CAT-BLR01,2.142857142857143,2.1023993
2026-09-01,4,S-CAT-BLR01,2.142857142857143,3.4256096
2026-08-09,3,S-CAT-BLR01,4.571428571428571,3.1311948
2026-08-10,5,S-CAT-BLR01,4.571428571428571,5.490899
2026-08-11,4,S-CAT-BLR01,4.571428571428571,5.3313127
2026-08-12,5,S-CAT-BLR01,4.571428571428571,5.309425
2026-08-13,5,S-CAT-BLR01,4.428571428571429,5.3300962
2026-08-14,6,S-CAT-BLR01,4.571428571428571,5.0266485
2026-08-15,2,S-CAT-BLR01,4.428571428571429,2.6843202
2026-08-16,3,S-CAT-BLR01,4.285714285714286,3.026971
2026-08-17,7,S-CAT-BLR01,4.285714285714286,5.440937
2026-08-18,6,S-CAT-BLR01,4.571428571428571,5.2053604
2026-08-19,5,S-CAT-BLR01,4.857142857142857,5.256416
2026-08-20,5,S-CAT-BLR01,4.857142857142857,5.358421
2026-08-21,5,S-CAT-BLR01,4.857142857142857,5.037847
2026-08-22,3,S-CAT-BLR01,4.714285714285714,2.9512274
2026-08-23,3,S-CAT-BLR01,4.857142857142857,3.2525356
2026-08-24,4,S-CAT-BLR01,4.857142857142857,5.363119
2026-08-25,6,S-CAT-BLR01,4.428571428571429,5.195081
2026-08-26,5,S-CAT-BLR01,4.428571428571429,5.2182965
2026-08-27,5,S-CAT-BLR01,4.428571428571429,5.356455
2026-08-28,7,S-CAT-BLR01,4.428571428571429,5.171715
2026-08-29,3,S-CAT-BLR01,4.714285714285714,2.8376763
2026-08-30,3,S-CAT-BLR01,4.714285714285714,2.8476212
2026-08-31,7,S-CAT-BLR01,4.714285714285714,5.6008325
2026-09-01,4,S-CAT-BLR01,5.142857142857143,5.4529643
2026-08-09,2,S-CAT-BLR01,1.7142857142857142,1.4781138
2026-08-10,1,S-CAT-BLR01,1.8571428571428572,2.6527143
2026-08-11,4,S-CAT-BLR01,1.7142857142857142,2.6133552
2026-08-12,2,S-CAT-BLR01,1.7142857142857142,2.3735085
2026-08-13,4,S-CAT-BLR01,1.7142857142857142,2.697782
2026-08-14,2,S-CAT-BLR01,2.142857142857143,2.438242
2026-08-15,0,S-CAT-BLR01,2.2857142857142856,1.145322
2026-08-16,0,S-CAT-BLR01,2.142857142857143,1.3180491
2026-08-17,3,S-CAT-BLR01,1.8571428571428572,2.647541
2026-08-18,2,S-CAT-BLR01,2.142857142857143,2.3727062
2026-08-19,2,S-CAT-BLR01,1.8571428571428572,2.5350473
2026-08-20,4,S-CAT-BLR01,1.8571428571428572,2.471387
2026-08-21,3,S-CAT-BLR01,1.8571428571428572,2.2166228
2026-08-22,1,S-CAT-BLR01,2.0,1.2169905
2026-08-23,1,S-CAT-BLR01,2.142857142857143,1.3860426
2026-08-24,2,S-CAT-BLR01,2.2857142857142856,2.5891461
2026-08-25,1,S-CAT-BLR01,2.142857142857143,2.6785989
2026-08-26,1,S-CAT-BLR01,2.0,2.6845145
2026-08-27,4,S-CAT-BLR01,1.8571428571428572,2.4812462
2026-08-28,4,S-CAT-BLR01,1.8571428571428572,2.2715464
2026-08-29,1,S-CAT-BLR01,2.0,0.9106851
2026-08-30,0,S-CAT-BLR01,2.0,1.6332939
2026-08-31,3,S-CAT-BLR01,1.8571428571428572,2.7668803
2026-09-01,1,S-CAT-BLR01,2.0,2.3629863
2026-08-09,2,S-CAT-BLR01,2.4285714285714284,1.8974502
2026-08-09,1,S-CAT-BLR01,2.5714285714285716,1.2355201
2026-08-10,5,S-CAT-BLR01,2.142857142857143,3.3048842
2026-08-10,3,S-CAT-BLR01,2.7142857142857144,1.9787457
2026-08-11,3,S-CAT-BLR01,2.4285714285714284,3.0255373
2026-08-11,3,S-CAT-BLR01,2.2857142857142856,2.3903084
2026-08-12,2,S-CAT-BLR01,2.5714285714285716,3.1614072
2026-08-12,3,S-CAT-BLR01,2.7142857142857144,2.4383357
2026-08-13,3,S-CAT-BLR01,2.857142857142857,2.9202151
2026-08-13,4,S-CAT-BLR01,3.142857142857143,2.4998584
2026-08-14,2,S-CAT-BLR01,3.0,3.039049
2026-08-14,3,S-CAT-BLR01,2.857142857142857,2.7800896
2026-08-15,3,S-CAT-BLR01,2.857142857142857,1.2404778
2026-08-15,1,S-CAT-BLR01,2.857142857142857,1.1750472
2026-08-16,1,S-CAT-BLR01,2.7142857142857144,1.7986319
2026-08-16,2,S-CAT-BLR01,2.4285714285714284,1.5262259
2026-08-17,5,S-CAT-BLR01,2.2857142857142856,3.3467574
2026-08-17,3,S-CAT-BLR01,2.4285714285714284,2.3984628
2026-08-18,2,S-CAT-BLR01,2.5714285714285716,2.5333173
2026-08-18,2,S-CAT-BLR01,2.4285714285714284,2.7814336
2026-08-19,4,S-CAT-BLR01,2.2857142857142856,3.0065506
2026-08-19,1,S-CAT-BLR01,2.7142857142857144,2.641454
2026-08-20,3,S-CAT-BLR01,2.7142857142857144,3.188075
2026-08-20,2,S-CAT-BLR01,2.857142857142857,2.8256109
2026-08-21,2,S-CAT-BLR01,2.4285714285714284,3.0756958
2026-08-21,2,S-CAT-BLR01,2.2857142857142856,3.029446
2026-08-22,1,S-CAT-BLR01,2.2857142857142856,2.1959538
2026-08-22,0,S-CAT-BLR01,2.142857142857143,1.3189307
2026-08-23,1,S-CAT-BLR01,1.5714285714285714,1.7788274
2026-08-23,1,S-CAT-BLR01,1.5714285714285714,1.5736842
2026-08-24,2,S-CAT-BLR01,1.2857142857142858,3.390439
2026-08-24,1,S-CAT-BLR01,1.2857142857142858,2.7531009
2026-08-25,3,S-CAT-BLR01,1.1428571428571428,3.116436
2026-08-25,2,S-CAT-BLR01,1.2857142857142858,3.305891
2026-08-26,5,S-CAT-BLR01,1.4285714285714286,3.5915098
2026-08-26,4,S-CAT-BLR01,2.142857142857143,2.8598099
2026-08-27,4,S-CAT-BLR01,2.5714285714285716,2.980953
2026-08-27,4,S-CAT-BLR01,3.0,2.6735988
2026-08-28,4,S-CAT-BLR01,3.2857142857142856,3.1857438
2026-08-28,3,S-CAT-BLR01,3.7142857142857144,2.6667314
2026-08-29,1,S-CAT-BLR01,3.7142857142857144,1.2834332
2026-08-29,2,S-CAT-BLR01,3.5714285714285716,1.2116357
2026-08-30,2,S-CAT-BLR01,3.142857142857143,1.389088
2026-08-30,0,S-CAT-BLR01,2.857142857142857,1.4740049
2026-08-31,3,S-CAT-BLR01,2.2857142857142856,2.8170488
2026-08-31,3,S-CAT-BLR01,2.142857142857143,2.6467795
2026-09-01,4,S-CAT-BLR01,2.0,3.0584164
2026-09-01,2,S-CAT-BLR01,2.142857142857143,2.4946725
2026-08-09,1,S-CAT-BLR01,3.0,1.4946785
2026-08-09,1,S-CAT-BLR01,2.7142857142857144,1.9065473
2026-08-10,2,S-CAT-BLR01,2.142857142857143,3.751534
2026-08-10,3,S-CAT-BLR01,2.0,3.740707
2026-08-11,2,S-CAT-BLR01,1.8571428571428572,3.5794485
2026-08-11,5,S-CAT-BLR01,1.8571428571428572,3.6592002
2026-08-12,5,S-CAT-BLR01,2.4285714285714284,3.1544046
2026-08-12,3,S-CAT-BLR01,2.7142857142857144,3.3710997
2026-08-13,4,S-CAT-BLR01,3.0,3.8190267
2026-08-13,4,S-CAT-BLR01,3.4285714285714284,3.427426
2026-08-14,2,S-CAT-BLR01,3.7142857142857144,3.4026976
2026-08-14,4,S-CAT-BLR01,3.5714285714285716,3.5814228
2026-08-15,1,S-CAT-BLR01,3.857142857142857,1.4986238
2026-08-15,3,S-CAT-BLR01,3.2857142857142856,2.0720577
2026-08-16,1,S-CAT-BLR01,3.0,1.6181104
2026-08-16,3,S-CAT-BLR01,2.7142857142857144,1.9502888
2026-08-17,5,S-CAT-BLR01,2.5714285714285716,3.2967277
2026-08-17,4,S-CAT-BLR01,2.7142857142857144,3.5030077
2026-08-18,2,S-CAT-BLR01,3.0,3.2157588
2026-08-18,4,S-CAT-BLR01,2.7142857142857144,3.6018949
2026-08-19,4,S-CAT-BLR01,3.142857142857143,3.2896304
2026-08-19,4,S-CAT-BLR01,3.2857142857142856,3.207392
2026-08-20,5,S-CAT-BLR01,3.7142857142857144,3.4647098
2026-08-20,4,S-CAT-BLR01,4.0,3.498103
2026-08-21,3,S-CAT-BLR01,3.857142857142857,3.3787334
2026-08-21,5,S-CAT-BLR01,3.7142857142857144,3.5832765
2026-08-22,1,S-CAT-BLR01,4.142857142857143,1.833912
2026-08-22,3,S-CAT-BLR01,3.7142857142857144,2.1060822
2026-08-23,3,S-CAT-BLR01,3.5714285714285716,1.680265
2026-08-23,1,S-CAT-BLR01,3.4285714285714284,1.8095238
2026-08-24,4,S-CAT-BLR01,2.857142857142857,3.9613166
2026-08-24,5,S-CAT-BLR01,2.857142857142857,3.4940608
2026-08-25,5,S-CAT-BLR01,3.142857142857143,3.034217
2026-08-25,4,S-CAT-BLR01,3.142857142857143,3.6254318
2026-08-26,5,S-CAT-BLR01,3.5714285714285716,3.1990592
2026-08-26,3,S-CAT-BLR01,3.857142857142857,3.5038812
2026-08-27,5,S-CAT-BLR01,3.857142857142857,3.88062
2026-08-27,4,S-CAT-BLR01,4.428571428571429,3.4354544
2026-08-28,5,S-CAT-BLR01,4.428571428571429,3.319199
2026-08-28,4,S-CAT-BLR01,4.428571428571429,3.5092018
2026-08-29,1,S-CAT-BLR01,4.285714285714286,1.7491809
2026-08-29,3,S-CAT-BLR01,3.857142857142857,2.360356
2026-08-30,1,S-CAT-BLR01,3.5714285714285716,2.0996914
2026-08-30,1,S-CAT-BLR01,3.2857142857142856,2.1995265
2026-08-31,4,S-CAT-BLR01,2.7142857142857144,3.8832395
2026-08-31,3,S-CAT-BLR01,2.7142857142857144,3.6476202
2026-09-01,2,S-CAT-BLR01,2.4285714285714284,3.9801517
2026-09-01,3,S-CAT-BLR01,2.142857142857143,3.967924
2026-08-09,1,S-CAT-BLR01,4.0,2.4913597
2026-08-09,3,S-CAT-BLR01,3.5714285714285716,2.7638426
2026-08-10,5,S-CAT-BLR01,3.5714285714285716,3.2768264
2026-08-10,7,S-CAT-BLR01,3.2857142857142856,4.3818307
2026-08-11,5,S-CAT-BLR01,3.5714285714285716,3.66477
2026-08-11,7,S-CAT-BLR01,3.7142857142857144,4.686368
2026-08-12,3,S-CAT-BLR01,4.285714285714286,4.1243644
2026-08-12,4,S-CAT-BLR01,4.428571428571429,5.061824
2026-08-13,5,S-CAT-BLR01,4.857142857142857,4.1917768
2026-08-13,7,S-CAT-BLR01,5.142857142857143,5.1889405
2026-08-14,3,S-CAT-BLR01,5.428571428571429,3.5985298
2026-08-14,5,S-CAT-BLR01,4.857142857142857,4.9037313
2026-08-15,1,S-CAT-BLR01,4.857142857142857,1.4799279
2026-08-15,3,S-CAT-BLR01,4.0,2.7295663
2026-08-16,3,S-CAT-BLR01,4.0,2.2607276
2026-08-16,3,S-CAT-BLR01,3.857142857142857,2.5611298
2026-08-17,4,S-CAT-BLR01,3.5714285714285716,4.307462
2026-08-17,5,S-CAT-BLR01,3.142857142857143,5.1693263
2026-08-18,3,S-CAT-BLR01,3.4285714285714284,4.4819536
2026-08-18,6,S-CAT-BLR01,3.142857142857143,5.510827
2026-08-19,3,S-CAT-BLR01,3.857142857142857,3.5312552
2026-08-19,4,S-CAT-BLR01,3.857142857142857,4.7639914
2026-08-20,4,S-CAT-BLR01,4.0,4.830092
2026-08-20,6,S-CAT-BLR01,4.142857142857143,5.0434284
2026-08-21,5,S-CAT-BLR01,4.428571428571429,3.7425008
2026-08-21,6,S-CAT-BLR01,4.428571428571429,5.1335363
2026-08-22,1,S-CAT-BLR01,4.857142857142857,1.6825318
2026-08-22,2,S-CAT-BLR01,4.142857142857143,2.9127636
2026-08-23,2,S-CAT-BLR01,4.0,2.7244644
2026-08-23,3,S-CAT-BLR01,3.7142857142857144,2.9314802
2026-08-24,2,S-CAT-BLR01,3.5714285714285716,3.8847535
2026-08-24,5,S-CAT-BLR01,3.0,4.944191
2026-08-25,5,S-CAT-BLR01,3.0,3.4905038
2026-08-25,4,S-CAT-BLR01,2.857142857142857,5.304008
2026-08-26,3,S-CAT-BLR01,3.2857142857142856,4.0759635
2026-08-26,7,S-CAT-BLR01,3.4285714285714284,5.064234
2026-08-27,3,S-CAT-BLR01,4.142857142857143,4.1479287
2026-08-27,6,S-CAT-BLR01,4.142857142857143,5.3221364
2026-08-28,5,S-CAT-BLR01,4.714285714285714,4.6534457
2026-08-28,5,S-CAT-BLR01,4.714285714285714,5.0176926
2026-08-29,3,S-CAT-BLR01,4.714285714285714,2.2521462
2026-08-29,4,S-CAT-BLR01,4.571428571428571,2.5623856
2026-08-30,3,S-CAT-BLR01,4.714285714285714,1.5918353
2026-08-30,2,S-CAT-BLR01,4.142857142857143,2.6622796
2026-08-31,5,S-CAT-BLR01,4.0,4.131165
2026-08-31,4,S-CAT-BLR01,3.857142857142857,4.7184596
2026-09-01,5,S-CAT-BLR01,3.7142857142857144,4.665443
2026-09-01,4,S-CAT-BLR01,3.7142857142857144,4.2177343
2026-08-09,0,S-CAT-DEL05,4.142857142857143,1.3192439
2026-08-09,4,S-CAT-DEL05,3.0,3.1541
2026-08-10,3,S-CAT-DEL05,3.142857142857143,2.5733075
2026-08-10,6,S-CAT-DEL05,2.857142857142857,6.48859
2026-08-11,3,S-CAT-DEL05,3.5714285714285716,1.9229856
2026-08-11,5,S-CAT-DEL05,2.857142857142857,6.515155
2026-08-12,3,S-CAT-DEL05,3.4285714285714284,2.2144594
2026-08-12,7,S-CAT-DEL05,3.4285714285714284,6.508525
2026-08-13,3,S-CAT-DEL05,4.428571428571429,3.0826116
2026-08-13,5,S-CAT-DEL05,4.285714285714286,6.1354513
2026-08-14,3,S-CAT-DEL05,4.571428571428571,2.5924668
2026-08-14,6,S-CAT-DEL05,4.142857142857143,6.523354
2026-08-15,2,S-CAT-DEL05,4.571428571428571,1.3529098
2026-08-15,3,S-CAT-DEL05,4.142857142857143,3.3758368
2026-08-16,0,S-CAT-DEL05,4.142857142857143,1.1038667
2026-08-16,4,S-CAT-DEL05,3.142857142857143,3.3552854
2026-08-17,2,S-CAT-DEL05,3.2857142857142856,2.9248102
2026-08-17,8,S-CAT-DEL05,2.857142857142857,6.1442375
2026-08-18,2,S-CAT-DEL05,3.5714285714285716,2.7807078
2026-08-18,8,S-CAT-DEL05,3.0,6.34162
2026-08-19,4,S-CAT-DEL05,3.857142857142857,2.6083808
2026-08-19,5,S-CAT-DEL05,4.0,6.5590687
2026-08-20,1,S-CAT-DEL05,4.714285714285714,3.4560485
2026-08-20,6,S-CAT-DEL05,4.285714285714286,6.444978
2026-08-21,3,S-CAT-DEL05,4.857142857142857,1.5557374
2026-08-21,6,S-CAT-DEL05,4.142857142857143,6.1606097
2026-08-22,1,S-CAT-DEL05,4.714285714285714,0.54158205
2026-08-22,4,S-CAT-DEL05,3.7142857142857144,3.4625022
2026-08-23,1,S-CAT-DEL05,3.7142857142857144,1.2532052
2026-08-23,3,S-CAT-DEL05,3.142857142857143,3.2156851
2026-08-24,2,S-CAT-DEL05,3.4285714285714284,2.3200402
2026-08-24,6,S-CAT-DEL05,2.857142857142857,5.896087
2026-08-25,4,S-CAT-DEL05,3.2857142857142856,2.860017
2026-08-25,8,S-CAT-DEL05,3.0,6.7543764
2026-08-26,1,S-CAT-DEL05,4.0,3.4688466
2026-08-26,8,S-CAT-DEL05,3.5714285714285716,6.755487
2026-08-27,1,S-CAT-DEL05,4.571428571428571,2.5380397
2026-08-27,5,S-CAT-DEL05,4.285714285714286,6.424937
2026-08-28,3,S-CAT-DEL05,4.714285714285714,2.4695423
2026-08-28,5,S-CAT-DEL05,4.285714285714286,5.8085895
2026-08-29,0,S-CAT-DEL05,4.428571428571429,0.910865
2026-08-29,4,S-CAT-DEL05,3.2857142857142856,3.4638648
2026-08-30,0,S-CAT-DEL05,3.7142857142857144,1.1286671
2026-08-30,4,S-CAT-DEL05,2.5714285714285716,3.1087167
2026-08-31,4,S-CAT-DEL05,3.0,2.2114189
2026-08-31,6,S-CAT-DEL05,2.857142857142857,5.5200977
2026-09-01,4,S-CAT-DEL05,3.2857142857142856,2.3519998
2026-09-01,5,S-CAT-DEL05,3.142857142857143,6.5112023
2026-08-09,3,S-CAT-DEL05,3.4285714285714284,2.162869
2026-08-10,6,S-CAT-DEL05,3.5714285714285716,4.148539
2026-08-11,3,S-CAT-DEL05,4.0,4.617285
2026-08-12,3,S-CAT-DEL05,3.857142857142857,4.3813686
2026-08-13,3,S-CAT-DEL05,3.4285714285714284,4.902673
2026-08-14,6,S-CAT-DEL05,3.4285714285714284,4.408925
2026-08-15,2,S-CAT-DEL05,3.857142857142857,1.9876922
2026-08-16,2,S-CAT-DEL05,3.7142857142857144,2.1563642
2026-08-17,5,S-CAT-DEL05,3.5714285714285716,4.0160403
2026-08-18,4,S-CAT-DEL05,3.4285714285714284,4.122266
2026-08-19,4,S-CAT-DEL05,3.5714285714285716,4.6206226
2026-08-20,3,S-CAT-DEL05,3.7142857142857144,4.047848
2026-08-21,3,S-CAT-DEL05,3.7142857142857144,4.093411
2026-08-22,3,S-CAT-DEL05,3.2857142857142856,2.164895
2026-08-23,1,S-CAT-DEL05,3.4285714285714284,2.1940322
2026-08-24,3,S-CAT-DEL05,3.2857142857142856,4.6912065
2026-08-25,5,S-CAT-DEL05,3.0,4.045955
2026-08-26,4,S-CAT-DEL05,3.142857142857143,3.7576969
2026-08-27,3,S-CAT-DEL05,3.142857142857143,4.1134267
2026-08-28,4,S-CAT-DEL05,3.142857142857143,4.6423597
2026-08-29,1,S-CAT-DEL05,3.2857142857142856,1.8523979
2026-08-30,2,S-CAT-DEL05,3.0,2.1123526
2026-08-31,4,S-CAT-DEL05,3.142857142857143,4.535612
2026-09-01,3,S-CAT-DEL05,3.2857142857142856,4.0713067
2026-08-09,3,S-CAT-DEL05,4.142857142857143,3.1363046
2026-08-10,5,S-CAT-DEL05,4.285714285714286,5.472459
2026-08-11,4,S-CAT-DEL05,4.428571428571429,5.1818495
2026-08-12,5,S-CAT-DEL05,4.0,5.36444
2026-08-13,5,S-CAT-DEL05,4.142857142857143,5.124371
2026-08-14,5,S-CAT-DEL05,4.142857142857143,5.0555515
2026-08-15,2,S-CAT-DEL05,4.285714285714286,2.9897864
2026-08-16,4,S-CAT-DEL05,4.142857142857143,2.8795266
2026-08-17,7,S-CAT-DEL05,4.285714285714286,4.840618
2026-08-18,6,S-CAT-DEL05,4.571428571428571,5.3752084
2026-08-19,5,S-CAT-DEL05,4.857142857142857,4.8910513
2026-08-20,5,S-CAT-DEL05,4.857142857142857,5.255664
2026-08-21,5,S-CAT-DEL05,4.857142857142857,4.892904
2026-08-22,4,S-CAT-DEL05,4.857142857142857,2.8644881
2026-08-23,3,S-CAT-DEL05,5.142857142857143,2.8640304
2026-08-24,5,S-CAT-DEL05,5.0,5.253837
2026-08-25,6,S-CAT-DEL05,4.714285714285714,4.911685
2026-08-26,6,S-CAT-DEL05,4.714285714285714,5.233483
2026-08-27,7,S-CAT-DEL05,4.857142857142857,5.1322155
2026-08-28,5,S-CAT-DEL05,5.142857142857143,5.1067963
2026-08-29,3,S-CAT-DEL05,5.142857142857143,2.7971456
2026-08-30,4,S-CAT-DEL05,5.0,3.0376902
2026-08-31,4,S-CAT-DEL05,5.142857142857143,5.472558
2026-09-01,6,S-CAT-DEL05,5.0,5.3008714
2026-08-09,3,S-CAT-DEL05,3.142857142857143,3.0073478
2026-08-09,0,S-CAT-DEL05,3.2857142857142856,1.2036463
2026-08-10,4,S-CAT-DEL05,2.4285714285714284,5.9753137
2026-08-10,3,S-CAT-DEL05,2.5714285714285716,2.7525027
2026-08-11,6,S-CAT-DEL05,2.142857142857143,5.883977
2026-08-11,1,S-CAT-DEL05,2.857142857142857,2.423799
2026-08-12,7,S-CAT-DEL05,2.7142857142857144,5.9323564
2026-08-12,2,S-CAT-DEL05,3.4285714285714284,2.5806227
2026-08-13,6,S-CAT-DEL05,3.2857142857142856,6.503806
2026-08-13,3,S-CAT-DEL05,4.142857142857143,2.6374042
2026-08-14,5,S-CAT-DEL05,4.0,5.9616013
2026-08-14,4,S-CAT-DEL05,4.285714285714286,2.1746786
2026-08-15,2,S-CAT-DEL05,4.0,2.7267985
2026-08-15,2,S-CAT-DEL05,4.142857142857143,1.2448732
2026-08-16,4,S-CAT-DEL05,3.4285714285714284,2.6679568
2026-08-16,1,S-CAT-DEL05,3.7142857142857144,1.2590203
2026-08-17,6,S-CAT-DEL05,3.0,4.733159
2026-08-17,1,S-CAT-DEL05,3.4285714285714284,2.6894844
2026-08-18,7,S-CAT-DEL05,2.857142857142857,5.7265515
2026-08-18,2,S-CAT-DEL05,3.2857142857142856,2.4239724
2026-08-19,7,S-CAT-DEL05,3.2857142857142856,6.233246
2026-08-19,4,S-CAT-DEL05,4.0,2.5049255
2026-08-20,7,S-CAT-DEL05,4.0,6.0924964
2026-08-20,4,S-CAT-DEL05,4.857142857142857,2.7324705
2026-08-21,7,S-CAT-DEL05,4.571428571428571,6.044995
2026-08-21,1,S-CAT-DEL05,5.428571428571429,2.304906
2026-08-22,4,S-CAT-DEL05,4.571428571428571,2.1777878
2026-08-22,2,S-CAT-DEL05,4.857142857142857,0.96276426
2026-08-23,3,S-CAT-DEL05,4.142857142857143,3.0816834
2026-08-23,1,S-CAT-DEL05,4.0,0.90103614
2026-08-24,7,S-CAT-DEL05,3.142857142857143,5.637772
2026-08-24,2,S-CAT-DEL05,3.5714285714285716,1.8365004
2026-08-25,6,S-CAT-DEL05,2.857142857142857,5.595419
2026-08-25,2,S-CAT-DEL05,3.5714285714285716,2.7131689
2026-08-26,6,S-CAT-DEL05,3.2857142857142856,6.280671
2026-08-26,3,S-CAT-DEL05,3.857142857142857,2.656174
2026-08-27,7,S-CAT-DEL05,3.857142857142857,6.5019326
2026-08-27,4,S-CAT-DEL05,4.714285714285714,2.7182662
2026-08-28,4,S-CAT-DEL05,4.285714285714286,6.3308487
2026-08-28,4,S-CAT-DEL05,4.571428571428571,2.9509702
2026-08-29,3,S-CAT-DEL05,4.285714285714286,3.0003917
2026-08-29,1,S-CAT-DEL05,4.428571428571429,1.5207006
2026-08-30,4,S-CAT-DEL05,3.7142857142857144,3.11772
2026-08-30,1,S-CAT-DEL05,3.857142857142857,1.2341107
2026-08-31,5,S-CAT-DEL05,3.0,6.222065
2026-08-31,2,S-CAT-DEL05,3.142857142857143,2.3948898
2026-09-01,6,S-CAT-DEL05,2.857142857142857,5.884819
2026-09-01,4,S-CAT-DEL05,3.142857142857143,2.2712605
2026-08-09,2,S-CAT-DEL05,3.2857142857142856,1.5178255
2026-08-09,3,S-CAT-DEL05,3.142857142857143,1.7958633
2026-08-10,3,S-CAT-DEL05,3.4285714285714284,2.5307543
2026-08-10,4,S-CAT-DEL05,3.142857142857143,3.4512565
2026-08-11,1,S-CAT-DEL05,3.142857142857143,2.8859105
2026-08-11,2,S-CAT-DEL05,2.5714285714285716,3.0385962
2026-08-12,4,S-CAT-DEL05,2.5714285714285716,2.472768
2026-08-12,5,S-CAT-DEL05,2.7142857142857144,2.930237
2026-08-13,4,S-CAT-DEL05,3.142857142857143,2.3921032
2026-08-13,3,S-CAT-DEL05,3.2857142857142856,3.1831622
2026-08-14,4,S-CAT-DEL05,3.2857142857142856,2.9630983
2026-08-14,2,S-CAT-DEL05,3.2857142857142856,3.5654707
2026-08-15,2,S-CAT-DEL05,3.4285714285714284,1.5507892
2026-08-15,1,S-CAT-DEL05,3.4285714285714284,1.8438121
2026-08-16,1,S-CAT-DEL05,3.0,1.6332887
2026-08-16,1,S-CAT-DEL05,2.4285714285714284,1.8649186
2026-08-17,1,S-CAT-DEL05,2.0,2.9639618
2026-08-17,4,S-CAT-DEL05,1.7142857142857142,3.241379
2026-08-18,1,S-CAT-DEL05,1.7142857142857142,2.5760612
2026-08-18,4,S-CAT-DEL05,1.5714285714285714,3.479755
2026-08-19,4,S-CAT-DEL05,1.8571428571428572,2.877294
2026-08-19,5,S-CAT-DEL05,2.2857142857142856,3.1392114
2026-08-20,3,S-CAT-DEL05,2.857142857142857,2.722304
2026-08-20,3,S-CAT-DEL05,3.142857142857143,3.2732909
2026-08-21,1,S-CAT-DEL05,3.4285714285714284,3.0245297
2026-08-21,5,S-CAT-DEL05,3.0,3.5543768
2026-08-22,1,S-CAT-DEL05,3.5714285714285716,1.2622707
2026-08-22,1,S-CAT-DEL05,3.142857142857143,1.9601494
2026-08-23,2,S-CAT-DEL05,2.7142857142857144,1.7000715
2026-08-23,3,S-CAT-DEL05,2.2857142857142856,1.6814275
2026-08-24,4,S-CAT-DEL05,2.2857142857142856,2.617313
2026-08-24,2,S-CAT-DEL05,2.4285714285714284,3.3856456
2026-08-25,1,S-CAT-DEL05,2.5714285714285716,2.6292565
2026-08-25,3,S-CAT-DEL05,2.0,3.3732355
2026-08-26,4,S-CAT-DEL05,2.2857142857142856,2.938361
2026-08-26,2,S-CAT-DEL05,2.7142857142857144,3.145639
2026-08-27,3,S-CAT-DEL05,2.7142857142857144,3.0059793
2026-08-27,4,S-CAT-DEL05,2.7142857142857144,3.3501477
2026-08-28,4,S-CAT-DEL05,2.7142857142857144,2.454272
2026-08-28,5,S-CAT-DEL05,3.0,3.3418963
2026-08-29,2,S-CAT-DEL05,3.5714285714285716,1.1439576
2026-08-29,3,S-CAT-DEL05,3.4285714285714284,1.5878282
2026-08-30,0,S-CAT-DEL05,3.2857142857142856,1.4959381
2026-08-30,2,S-CAT-DEL05,3.0,1.9215155
2026-08-31,2,S-CAT-DEL05,2.857142857142857,2.8489635
2026-08-31,4,S-CAT-DEL05,2.5714285714285716,2.5751736
2026-09-01,3,S-CAT-DEL05,2.5714285714285716,2.1326616
2026-09-01,4,S-CAT-DEL05,2.2857142857142856,2.9480724
2026-08-09,2,S-CAT-DEL05,2.2857142857142856,1.5296441
2026-08-09,1,S-CAT-DEL05,2.142857142857143,1.9801427
2026-08-10,3,S-CAT-DEL05,2.142857142857143,3.2088346
2026-08-10,5,S-CAT-DEL05,2.142857142857143,3.2295752
2026-08-11,1,S-CAT-DEL05,2.4285714285714284,2.6236277
2026-08-11,5,S-CAT-DEL05,2.2857142857142856,3.0513296
2026-08-12,4,S-CAT-DEL05,2.7142857142857144,2.7257733
2026-08-12,4,S-CAT-DEL05,3.0,2.604733
2026-08-13,4,S-CAT-DEL05,3.2857142857142856,2.4179711
2026-08-13,4,S-CAT-DEL05,3.7142857142857144,2.6832557
2026-08-14,3,S-CAT-DEL05,3.857142857142857,2.6741204
2026-08-14,4,S-CAT-DEL05,3.5714285714285716,2.887353
2026-08-15,0,S-CAT-DEL05,4.0,1.098257
2026-08-15,3,S-CAT-DEL05,3.2857142857142856,1.7468281
2026-08-16,1,S-CAT-DEL05,3.142857142857143,1.3057908
2026-08-16,2,S-CAT-DEL05,2.7142857142857144,1.6340201
2026-08-17,1,S-CAT-DEL05,2.4285714285714284,2.6534889
2026-08-17,3,S-CAT-DEL05,2.0,3.4443352
2026-08-18,3,S-CAT-DEL05,2.0,2.2879195
2026-08-18,2,S-CAT-DEL05,1.8571428571428572,3.0458252
2026-08-19,4,S-CAT-DEL05,2.142857142857143,2.3755255
2026-08-19,5,S-CAT-DEL05,2.2857142857142856,2.7954118
2026-08-20,4,S-CAT-DEL05,2.857142857142857,2.942114
2026-08-20,2,S-CAT-DEL05,3.142857142857143,3.1155913
2026-08-21,3,S-CAT-DEL05,3.2857142857142856,2.9209785
2026-08-21,5,S-CAT-DEL05,3.2857142857142856,3.1842465
2026-08-22,0,S-CAT-DEL05,3.5714285714285716,1.2315143
2026-08-22,1,S-CAT-DEL05,3.2857142857142856,2.0957348
2026-08-23,2,S-CAT-DEL05,2.857142857142857,1.4410156
2026-08-23,1,S-CAT-DEL05,2.4285714285714284,1.7482553
2026-08-24,2,S-CAT-DEL05,2.0,2.4585273
2026-08-24,3,S-CAT-DEL05,2.0,2.773617
2026-08-25,3,S-CAT-DEL05,2.0,2.2005599
2026-08-25,3,S-CAT-DEL05,1.7142857142857142,3.1625125
2026-08-26,1,S-CAT-DEL05,2.142857142857143,2.659839
2026-08-26,5,S-CAT-DEL05,2.142857142857143,3.3024762
2026-08-27,1,S-CAT-DEL05,2.5714285714285716,3.150167
2026-08-27,3,S-CAT-DEL05,2.5714285714285716,3.2014897
2026-08-28,2,S-CAT-DEL05,2.7142857142857144,2.8624759
2026-08-28,3,S-CAT-DEL05,2.5714285714285716,3.4611974
2026-08-29,2,S-CAT-DEL05,2.5714285714285716,1.0434653
2026-08-29,3,S-CAT-DEL05,2.4285714285714284,1.7746689
2026-08-30,0,S-CAT-DEL05,2.7142857142857144,1.3079852
2026-08-30,2,S-CAT-DEL05,2.0,1.8588248
2026-08-31,2,S-CAT-DEL05,2.142857142857143,2.9179041
2026-08-31,5,S-CAT-DEL05,2.0,3.0486746
2026-09-01,2,S-CAT-DEL05,2.4285714285714284,1.7956556
2026-09-01,3,S-CAT-DEL05,2.2857142857142856,2.916189
2026-08-09,4,S-CAT-HYD02,3.142857142857143,2.670674
2026-08-09,1,S-CAT-HYD02,3.4285714285714284,0.98578703
2026-08-10,5,S-CAT-HYD02,2.5714285714285716,4.653907
2026-08-10,4,S-CAT-HYD02,2.857142857142857,2.8451777
2026-08-11,5,S-CAT-HYD02,2.857142857142857,5.171243
2026-08-11,4,S-CAT-HYD02,3.142857142857143,2.5339005
2026-08-12,4,S-CAT-HYD02,3.2857142857142856,5.6711
2026-08-12,2,S-CAT-HYD02,3.857142857142857,2.5463946
2026-08-13,6,S-CAT-HYD02,3.5714285714285716,5.3868275
2026-08-13,1,S-CAT-HYD02,4.285714285714286,2.592431
2026-08-14,7,S-CAT-HYD02,3.7142857142857144,4.813247
2026-08-14,4,S-CAT-HYD02,4.142857142857143,2.8266444
2026-08-15,2,S-CAT-HYD02,4.0,2.9336143
2026-08-15,2,S-CAT-HYD02,3.7142857142857144,1.955423
2026-08-16,3,S-CAT-HYD02,3.4285714285714284,2.7094378
2026-08-16,2,S-CAT-HYD02,3.5714285714285716,1.0821327
2026-08-17,5,S-CAT-HYD02,3.0,4.9035554
2026-08-17,1,S-CAT-HYD02,3.5714285714285716,2.3218224
2026-08-18,7,S-CAT-HYD02,2.7142857142857144,5.547621
2026-08-18,4,S-CAT-HYD02,3.142857142857143,3.1456163
2026-08-19,4,S-CAT-HYD02,3.4285714285714284,4.28228
2026-08-19,4,S-CAT-HYD02,3.7142857142857144,2.4659767
2026-08-20,4,S-CAT-HYD02,3.857142857142857,5.17042
2026-08-20,3,S-CAT-HYD02,4.142857142857143,2.6172738
2026-08-21,6,S-CAT-HYD02,3.857142857142857,5.507305
2026-08-21,1,S-CAT-HYD02,4.571428571428571,3.154102
2026-08-22,2,S-CAT-HYD02,3.7142857142857144,2.646366
2026-08-22,2,S-CAT-HYD02,3.4285714285714284,2.1310375
2026-08-23,2,S-CAT-HYD02,3.142857142857143,2.4888535
2026-08-23,0,S-CAT-HYD02,2.857142857142857,1.6517564
2026-08-24,7,S-CAT-HYD02,2.2857142857142856,5.700762
2026-08-24,1,S-CAT-HYD02,2.857142857142857,2.03543
2026-08-25,5,S-CAT-HYD02,2.142857142857143,6.153533
2026-08-25,4,S-CAT-HYD02,2.7142857142857144,3.1266754
2026-08-26,5,S-CAT-HYD02,3.0,4.095426
2026-08-26,4,S-CAT-HYD02,3.4285714285714284,3.2403445
2026-08-27,6,S-CAT-HYD02,3.7142857142857144,4.6366477
2026-08-27,1,S-CAT-HYD02,4.571428571428571,2.2968888
2026-08-28,5,S-CAT-HYD02,3.7142857142857144,5.950551
2026-08-28,1,S-CAT-HYD02,4.285714285714286,2.2023733
2026-08-29,3,S-CAT-HYD02,3.7142857142857144,2.6159432
2026-08-29,0,S-CAT-HYD02,3.5714285714285716,1.6138947
2026-08-30,4,S-CAT-HYD02,2.857142857142857,2.496813
2026-08-30,1,S-CAT-HYD02,2.857142857142857,1.2550857
2026-08-31,6,S-CAT-HYD02,2.142857142857143,5.959646
2026-08-31,2,S-CAT-HYD02,2.857142857142857,2.0902607
2026-09-01,5,S-CAT-HYD02,2.4285714285714284,5.8955083
2026-09-01,4,S-CAT-HYD02,3.0,2.672378
2026-08-09,3,S-CAT-HYD02,4.0,2.0489051
2026-08-10,3,S-CAT-HYD02,4.142857142857143,4.9340887
2026-08-11,6,S-CAT-HYD02,3.857142857142857,4.048921
2026-08-12,5,S-CAT-HYD02,3.857142857142857,4.4106607
2026-08-13,3,S-CAT-HYD02,3.857142857142857,4.232535
2026-08-14,4,S-CAT-HYD02,3.857142857142857,4.820704
2026-08-15,3,S-CAT-HYD02,3.7142857142857144,1.9872668
2026-08-16,3,S-CAT-HYD02,3.857142857142857,1.9748673
2026-08-17,5,S-CAT-HYD02,3.857142857142857,4.9245787
2026-08-18,4,S-CAT-HYD02,4.142857142857143,4.6818857
2026-08-19,5,S-CAT-HYD02,3.857142857142857,4.807303
2026-08-20,4,S-CAT-HYD02,3.857142857142857,4.315671
2026-08-21,4,S-CAT-HYD02,4.0,4.83247
2026-08-22,3,S-CAT-HYD02,4.0,2.082672
2026-08-23,2,S-CAT-HYD02,4.0,2.6349347
2026-08-24,4,S-CAT-HYD02,3.857142857142857,4.308082
2026-08-25,4,S-CAT-HYD02,3.7142857142857144,4.765243
2026-08-26,5,S-CAT-HYD02,3.7142857142857144,4.662046
2026-08-27,4,S-CAT-HYD02,3.7142857142857144,3.9996288
2026-08-28,4,S-CAT-HYD02,3.7142857142857144,3.9820108
2026-08-29,2,S-CAT-HYD02,3.7142857142857144,2.0747514
2026-08-30,2,S-CAT-HYD02,3.5714285714285716,2.4146242
2026-08-31,5,S-CAT-HYD02,3.5714285714285716,4.952597
2026-09-01,4,S-CAT-HYD02,3.7142857142857144,4.5188127
2026-08-09,1,S-CAT-HYD02,1.8571428571428572,1.7259588
2026-08-10,3,S-CAT-HYD02,2.0,3.3189566
2026-08-11,4,S-CAT-HYD02,1.8571428571428572,3.2384853
2026-08-12,4,S-CAT-HYD02,2.2857142857142856,2.8594694
2026-08-13,1,S-CAT-HYD02,2.4285714285714284,2.6554148
2026-08-14,4,S-CAT-HYD02,2.2857142857142856,2.9406176
2026-08-15,1,S-CAT-HYD02,2.5714285714285716,1.0612867
2026-08-16,2,S-CAT-HYD02,2.5714285714285716,1.6262019
2026-08-17,2,S-CAT-HYD02,2.7142857142857144,2.7972634
2026-08-18,2,S-CAT-HYD02,2.5714285714285716,2.642121
2026-08-19,3,S-CAT-HYD02,2.2857142857142856,2.834926
2026-08-20,4,S-CAT-HYD02,2.142857142857143,3.105518
2026-08-21,4,S-CAT-HYD02,2.5714285714285716,2.9410908
2026-08-22,0,S-CAT-HYD02,2.5714285714285716,0.9449469
2026-08-23,0,S-CAT-HYD02,2.4285714285714284,1.4934036
2026-08-24,2,S-CAT-HYD02,2.142857142857143,2.7419965
2026-08-25,3,S-CAT-HYD02,2.142857142857143,2.6978579
2026-08-26,2,S-CAT-HYD02,2.2857142857142856,2.332021
2026-08-27,3,S-CAT-HYD02,2.142857142857143,2.575414
2026-08-28,3,S-CAT-HYD02,2.0,2.6276734
2026-08-29,1,S-CAT-HYD02,1.8571428571428572,1.1944355
2026-08-30,1,S-CAT-HYD02,2.0,1.4192637
2026-08-31,4,S-CAT-HYD02,2.142857142857143,2.894743
2026-09-01,3,S-CAT-HYD02,2.4285714285714284,2.4467921
2026-08-09,1,S-CAT-HYD02,2.7142857142857144,1.5314655
2026-08-09,1,S-CAT-HYD02,2.2857142857142856,1.9547691
2026-08-10,1,S-CAT-HYD02,2.2857142857142856,2.446251
2026-08-10,2,S-CAT-HYD02,1.7142857142857142,3.011515
2026-08-11,3,S-CAT-HYD02,1.7142857142857142,3.0128293
2026-08-11,2,S-CAT-HYD02,1.5714285714285714,2.8280153
2026-08-12,3,S-CAT-HYD02,1.5714285714285714,2.9880025
2026-08-12,2,S-CAT-HYD02,1.8571428571428572,3.0263033
2026-08-13,2,S-CAT-HYD02,2.0,2.7377393
2026-08-13,5,S-CAT-HYD02,2.142857142857143,3.3606532
2026-08-14,1,S-CAT-HYD02,2.7142857142857144,2.5216167
2026-08-14,3,S-CAT-HYD02,2.5714285714285716,3.3270864
2026-08-15,1,S-CAT-HYD02,2.5714285714285716,1.4565648
2026-08-15,2,S-CAT-HYD02,2.4285714285714284,1.6634673
2026-08-16,1,S-CAT-HYD02,2.2857142857142856,1.5640517
2026-08-16,3,S-CAT-HYD02,2.142857142857143,1.6972356
2026-08-17,4,S-CAT-HYD02,2.2857142857142856,2.394183
2026-08-17,4,S-CAT-HYD02,2.142857142857143,3.3321142
2026-08-18,4,S-CAT-HYD02,2.5714285714285716,2.7474947
2026-08-18,2,S-CAT-HYD02,2.7142857142857144,2.6466446
2026-08-19,4,S-CAT-HYD02,2.857142857142857,2.82331
2026-08-19,3,S-CAT-HYD02,3.142857142857143,2.7949266
2026-08-20,1,S-CAT-HYD02,3.4285714285714284,2.7275953
2026-08-20,5,S-CAT-HYD02,3.142857142857143,3.6167498
2026-08-21,1,S-CAT-HYD02,3.2857142857142856,2.2389479
2026-08-21,4,S-CAT-HYD02,2.857142857142857,3.5049107
2026-08-22,1,S-CAT-HYD02,2.857142857142857,1.1138555
2026-08-22,2,S-CAT-HYD02,2.7142857142857144,1.6770157
2026-08-23,0,S-CAT-HYD02,2.4285714285714284,1.1442457
2026-08-23,3,S-CAT-HYD02,2.0,1.9153107
2026-08-24,3,S-CAT-HYD02,2.2857142857142856,2.6453598
2026-08-24,4,S-CAT-HYD02,2.0,2.8413095
2026-08-25,3,S-CAT-HYD02,2.4285714285714284,2.385094
2026-08-25,4,S-CAT-HYD02,2.2857142857142856,3.0424366
2026-08-26,2,S-CAT-HYD02,2.7142857142857144,2.7963006
2026-08-26,5,S-CAT-HYD02,2.7142857142857144,3.0403814
2026-08-27,4,S-CAT-HYD02,3.4285714285714284,2.3554785
2026-08-27,3,S-CAT-HYD02,3.5714285714285716,3.2865262
2026-08-28,4,S-CAT-HYD02,3.5714285714285716,2.4521642
2026-08-28,5,S-CAT-HYD02,3.5714285714285716,3.387555
2026-08-29,1,S-CAT-HYD02,3.857142857142857,1.4080125
2026-08-29,3,S-CAT-HYD02,3.4285714285714284,1.8530691
2026-08-30,0,S-CAT-HYD02,3.5714285714285716,1.2846125
2026-08-30,1,S-CAT-HYD02,2.857142857142857,1.9455578
2026-08-31,3,S-CAT-HYD02,2.4285714285714284,3.064417
2026-08-31,4,S-CAT-HYD02,2.4285714285714284,3.549906
2026-09-01,4,S-CAT-HYD02,2.4285714285714284,2.6364915
2026-09-01,5,S-CAT-HYD02,2.2857142857142856,3.3093073
2026-08-09,3,S-CAT-HYD02,5.142857142857143,2.9573212
2026-08-09,3,S-CAT-HYD02,4.571428571428571,2.86445
2026-08-10,5,S-CAT-HYD02,4.0,5.6467533
2026-08-10,5,S-CAT-HYD02,3.7142857142857144,5.5295186
2026-08-11,4,S-CAT-HYD02,3.857142857142857,5.5237107
2026-08-11,7,S-CAT-HYD02,3.857142857142857,5.641268
2026-08-12,7,S-CAT-HYD02,4.285714285714286,5.341029
2026-08-12,6,S-CAT-HYD02,4.857142857142857,5.4798546
2026-08-13,6,S-CAT-HYD02,5.285714285714286,5.489884
2026-08-13,6,S-CAT-HYD02,5.714285714285714,5.6026397
2026-08-14,6,S-CAT-HYD02,5.857142857142857,5.2254577
2026-08-14,5,S-CAT-HYD02,6.0,5.1185427
2026-08-15,2,S-CAT-HYD02,6.142857142857143,3.0149508
2026-08-15,3,S-CAT-HYD02,5.428571428571429,3.139535
2026-08-16,3,S-CAT-HYD02,4.857142857142857,3.2281837
2026-08-16,3,S-CAT-HYD02,4.428571428571429,2.9260657
2026-08-17,6,S-CAT-HYD02,4.0,5.520962
2026-08-17,4,S-CAT-HYD02,4.0,5.5447254
2026-08-18,6,S-CAT-HYD02,3.7142857142857144,5.45711
2026-08-18,7,S-CAT-HYD02,3.857142857142857,5.8288074
2026-08-19,6,S-CAT-HYD02,4.571428571428571,5.67353
2026-08-19,5,S-CAT-HYD02,5.0,5.7366667
2026-08-20,7,S-CAT-HYD02,5.285714285714286,5.6528935
2026-08-20,6,S-CAT-HYD02,5.857142857142857,5.4675007
2026-08-21,4,S-CAT-HYD02,5.857142857142857,5.3252993
2026-08-21,5,S-CAT-HYD02,5.857142857142857,5.341876
2026-08-22,3,S-CAT-HYD02,5.714285714285714,2.719998
2026-08-22,3,S-CAT-HYD02,5.142857142857143,2.959773
2026-08-23,3,S-CAT-HYD02,4.714285714285714,2.9510748
2026-08-23,2,S-CAT-HYD02,4.428571428571429,2.9222107
2026-08-24,6,S-CAT-HYD02,3.7142857142857144,5.6688585
2026-08-24,5,S-CAT-HYD02,3.7142857142857144,5.46603
2026-08-25,7,S-CAT-HYD02,3.857142857142857,5.721278
2026-08-25,6,S-CAT-HYD02,4.142857142857143,5.5555305
2026-08-26,6,S-CAT-HYD02,4.571428571428571,5.950968
2026-08-26,5,S-CAT-HYD02,5.0,5.7510195
2026-08-27,6,S-CAT-HYD02,5.285714285714286,5.817551
2026-08-27,6,S-CAT-HYD02,5.857142857142857,5.5303664
2026-08-28,7,S-CAT-HYD02,5.857142857142857,4.963726
2026-08-28,7,S-CAT-HYD02,6.142857142857143,5.222218
2026-08-29,2,S-CAT-HYD02,6.142857142857143,2.953778
2026-08-29,3,S-CAT-HYD02,5.571428571428571,3.1586611
2026-08-30,3,S-CAT-HYD02,5.142857142857143,3.3011715
2026-08-30,3,S-CAT-HYD02,4.857142857142857,2.9934435
2026-08-31,7,S-CAT-HYD02,4.428571428571429,5.8759837
2026-08-31,6,S-CAT-HYD02,4.571428571428571,5.6996493
2026-09-01,5,S-CAT-HYD02,4.428571428571429,6.122351
2026-09-01,6,S-CAT-HYD02,4.142857142857143,6.132345
2026-08-09,1,S-CAT-HYD02,2.5714285714285716,2.3917832
2026-08-09,1,S-CAT-HYD02,2.4285714285714284,2.2526786
2026-08-10,4,S-CAT-HYD02,2.142857142857143,4.1108136
2026-08-10,4,S-CAT-HYD02,2.4285714285714284,3.0899453
2026-08-11,6,S-CAT-HYD02,2.2857142857142856,4.300267
2026-08-11,2,S-CAT-HYD02,2.857142857142857,3.787721
2026-08-12,4,S-CAT-HYD02,2.7142857142857144,3.998711
2026-08-12,4,S-CAT-HYD02,3.142857142857143,3.6059725
2026-08-13,5,S-CAT-HYD02,3.5714285714285716,3.844809
2026-08-13,4,S-CAT-HYD02,4.142857142857143,3.4943871
2026-08-14,3,S-CAT-HYD02,4.142857142857143,3.8172302
2026-08-14,2,S-CAT-HYD02,4.0,3.4817708
2026-08-15,3,S-CAT-HYD02,3.4285714285714284,2.2147765
2026-08-15,2,S-CAT-HYD02,3.5714285714285716,1.7138811
2026-08-16,3,S-CAT-HYD02,3.2857142857142856,1.8898326
2026-08-16,3,S-CAT-HYD02,3.142857142857143,1.5047135
2026-08-17,6,S-CAT-HYD02,2.857142857142857,3.6743112
2026-08-17,5,S-CAT-HYD02,3.142857142857143,3.4340215
2026-08-18,5,S-CAT-HYD02,3.4285714285714284,3.959151
2026-08-18,5,S-CAT-HYD02,3.857142857142857,2.787628
2026-08-19,3,S-CAT-HYD02,4.142857142857143,4.0198436
2026-08-19,2,S-CAT-HYD02,4.285714285714286,3.7314665
2026-08-20,3,S-CAT-HYD02,4.142857142857143,4.1805634
2026-08-20,5,S-CAT-HYD02,4.142857142857143,3.5004313
2026-08-21,5,S-CAT-HYD02,4.0,3.3281338
2026-08-21,3,S-CAT-HYD02,4.0,3.1714833
2026-08-22,2,S-CAT-HYD02,3.7142857142857144,2.1427279
2026-08-22,1,S-CAT-HYD02,3.2857142857142856,1.9008296
2026-08-23,3,S-CAT-HYD02,3.0,2.497706
2026-08-23,1,S-CAT-HYD02,3.142857142857143,1.8429221
2026-08-24,4,S-CAT-HYD02,2.857142857142857,4.24663
2026-08-24,5,S-CAT-HYD02,2.7142857142857144,3.4535716
2026-08-25,5,S-CAT-HYD02,2.7142857142857144,3.7917616
2026-08-25,4,S-CAT-HYD02,3.0,3.7072043
2026-08-26,4,S-CAT-HYD02,3.2857142857142856,3.6424158
2026-08-26,3,S-CAT-HYD02,3.7142857142857144,2.991163
2026-08-27,4,S-CAT-HYD02,3.7142857142857144,3.768471
2026-08-27,4,S-CAT-HYD02,4.142857142857143,3.721344
2026-08-28,5,S-CAT-HYD02,4.142857142857143,3.781211
2026-08-28,4,S-CAT-HYD02,4.142857142857143,3.3072155
2026-08-29,3,S-CAT-HYD02,4.0,1.8379657
2026-08-29,1,S-CAT-HYD02,3.857142857142857,1.7666745
2026-08-30,2,S-CAT-HYD02,3.4285714285714284,2.401984
2026-08-30,1,S-CAT-HYD02,3.2857142857142856,1.8797872
2026-08-31,3,S-CAT-HYD02,2.857142857142857,4.431173
2026-08-31,2,S-CAT-HYD02,2.7142857142857144,4.1490226
2026-09-01,4,S-CAT-HYD02,2.2857142857142856,4.6786847
2026-09-01,2,S-CAT-HYD02,2.2857142857142856,4.0509167
2026-08-09,2,S-CAT-KOL04,2.857142857142857,1.4060504
2026-08-09,1,S-CAT-KOL04,2.7142857142857144,1.3069909
2026-08-10,3,S-CAT-KOL04,2.4285714285714284,2.9441984
2026-08-10,2,S-CAT-KOL04,2.2857142857142856,2.683605
2026-08-11,2,S-CAT-KOL04,2.0,2.7032256
2026-08-11,2,S-CAT-KOL04,2.0,2.6930406
2026-08-12,3,S-CAT-KOL04,2.0,1.9535046
2026-08-12,4,S-CAT-KOL04,2.142857142857143,2.2657378
2026-08-13,2,S-CAT-KOL04,2.4285714285714284,3.1701217
2026-08-13,3,S-CAT-KOL04,2.5714285714285716,3.0503597
2026-08-14,3,S-CAT-KOL04,2.5714285714285716,2.3653078
2026-08-14,4,S-CAT-KOL04,2.7142857142857144,2.4835489
2026-08-15,1,S-CAT-KOL04,3.0,1.1462392
2026-08-15,0,S-CAT-KOL04,2.857142857142857,1.4017278
2026-08-16,2,S-CAT-KOL04,2.4285714285714284,1.5972445
2026-08-16,1,S-CAT-KOL04,2.142857142857143,1.4212282
2026-08-17,3,S-CAT-KOL04,2.0,2.7413082
2026-08-17,3,S-CAT-KOL04,2.0,2.7551677
2026-08-18,3,S-CAT-KOL04,2.0,2.8549764
2026-08-18,4,S-CAT-KOL04,1.8571428571428572,3.1096842
2026-08-19,1,S-CAT-KOL04,2.2857142857142856,3.0383632
2026-08-19,4,S-CAT-KOL04,2.4285714285714284,2.991198
2026-08-20,2,S-CAT-KOL04,2.7142857142857144,3.147119
2026-08-20,2,S-CAT-KOL04,2.857142857142857,3.0049133
2026-08-21,3,S-CAT-KOL04,2.7142857142857144,2.8963315
2026-08-21,1,S-CAT-KOL04,2.7142857142857144,2.931822
2026-08-22,1,S-CAT-KOL04,2.4285714285714284,1.6333287
2026-08-22,0,S-CAT-KOL04,2.0,1.86655
2026-08-23,2,S-CAT-KOL04,1.8571428571428572,1.3230965
2026-08-23,1,S-CAT-KOL04,1.5714285714285714,0.99912196
2026-08-24,2,S-CAT-KOL04,1.4285714285714286,2.6359239
2026-08-24,3,S-CAT-KOL04,1.4285714285714286,2.6130762
2026-08-25,2,S-CAT-KOL04,1.4285714285714286,2.827326
2026-08-25,3,S-CAT-KOL04,1.5714285714285714,3.0990484
2026-08-26,3,S-CAT-KOL04,1.8571428571428572,2.6860619
2026-08-26,4,S-CAT-KOL04,2.2857142857142856,2.928004
2026-08-27,2,S-CAT-KOL04,2.5714285714285716,3.0390599
2026-08-27,1,S-CAT-KOL04,2.7142857142857144,2.9812653
2026-08-28,2,S-CAT-KOL04,2.5714285714285716,3.0868244
2026-08-28,3,S-CAT-KOL04,2.4285714285714284,2.850865
2026-08-29,1,S-CAT-KOL04,2.5714285714285716,1.2839818
2026-08-29,2,S-CAT-KOL04,2.2857142857142856,1.5320268
2026-08-30,1,S-CAT-KOL04,2.142857142857143,1.5435749
2026-08-30,1,S-CAT-KOL04,1.7142857142857142,1.6924747
2026-08-31,2,S-CAT-KOL04,1.5714285714285714,3.399651
2026-08-31,4,S-CAT-KOL04,1.7142857142857142,3.2586365
2026-09-01,1,S-CAT-KOL04,2.0,2.94768
2026-09-01,2,S-CAT-KOL04,1.7142857142857142,3.0967524
2026-08-09,1,S-CAT-KOL04,4.285714285714286,2.065935
2026-08-10,4,S-CAT-KOL04,4.285714285714286,4.314868
2026-08-11,5,S-CAT-KOL04,4.142857142857143,4.889506
2026-08-12,4,S-CAT-KOL04,4.0,4.627011
2026-08-13,6,S-CAT-KOL04,3.857142857142857,4.7191525
2026-08-14,5,S-CAT-KOL04,3.857142857142857,4.7203345
2026-08-15,3,S-CAT-KOL04,3.857142857142857,2.2363312
2026-08-16,2,S-CAT-KOL04,4.0,2.309043
2026-08-17,3,S-CAT-KOL04,4.142857142857143,5.1785073
2026-08-18,5,S-CAT-KOL04,4.0,5.079055
2026-08-19,6,S-CAT-KOL04,4.0,4.7271624
2026-08-20,4,S-CAT-KOL04,4.285714285714286,4.66283
2026-08-21,5,S-CAT-KOL04,4.0,4.943846
2026-08-22,1,S-CAT-KOL04,4.0,2.2891989
2026-08-23,3,S-CAT-KOL04,3.7142857142857144,2.2015152
2026-08-24,3,S-CAT-KOL04,3.857142857142857,4.8304596
2026-08-25,4,S-CAT-KOL04,3.857142857142857,4.8843064
2026-08-26,6,S-CAT-KOL04,3.7142857142857144,4.2772746
2026-08-27,5,S-CAT-KOL04,3.7142857142857144,4.8785768
2026-08-28,5,S-CAT-KOL04,3.857142857142857,4.512201
2026-08-29,3,S-CAT-KOL04,3.857142857142857,2.4471498
2026-08-30,3,S-CAT-KOL04,4.142857142857143,2.3030505
2026-08-31,5,S-CAT-KOL04,4.142857142857143,4.7223034
2026-09-01,5,S-CAT-KOL04,4.428571428571429,4.425902
2026-08-09,3,S-CAT-KOL04,5.857142857142857,3.5850298
2026-08-10,8,S-CAT-KOL04,5.714285714285714,6.326953
2026-08-11,8,S-CAT-KOL04,5.714285714285714,5.9557104
2026-08-12,8,S-CAT-KOL04,5.857142857142857,6.060094
2026-08-13,8,S-CAT-KOL04,6.142857142857143,6.1345563
2026-08-14,7,S-CAT-KOL04,6.285714285714286,5.228526
2026-08-15,4,S-CAT-KOL04,6.571428571428571,3.0975492
2026-08-16,3,S-CAT-KOL04,6.571428571428571,3.3209686
2026-08-17,8,S-CAT-KOL04,6.571428571428571,6.1839814
2026-08-18,7,S-CAT-KOL04,6.571428571428571,5.8852587
2026-08-19,6,S-CAT-KOL04,6.428571428571429,5.6721992
2026-08-20,8,S-CAT-KOL04,6.142857142857143,6.320859
2026-08-21,8,S-CAT-KOL04,6.142857142857143,5.2625546
2026-08-22,3,S-CAT-KOL04,6.285714285714286,3.033532
2026-08-23,3,S-CAT-KOL04,6.142857142857143,3.5776172
2026-08-24,7,S-CAT-KOL04,6.142857142857143,6.2079916
2026-08-25,8,S-CAT-KOL04,6.0,5.6125445
2026-08-26,6,S-CAT-KOL04,6.142857142857143,5.289756
2026-08-27,6,S-CAT-KOL04,6.142857142857143,6.174675
2026-08-28,8,S-CAT-KOL04,5.857142857142857,5.967356
2026-08-29,3,S-CAT-KOL04,5.857142857142857,3.375424
2026-08-30,4,S-CAT-KOL04,5.857142857142857,3.5095463
2026-08-31,8,S-CAT-KOL04,6.0,6.4951625
2026-09-01,8,S-CAT-KOL04,6.142857142857143,5.4574203
2026-08-09,1,S-CAT-KOL04,3.857142857142857,2.0125973
2026-08-09,1,S-CAT-KOL04,3.5714285714285716,2.048475
2026-08-10,2,S-CAT-KOL04,3.0,3.8153982
2026-08-10,4,S-CAT-KOL04,2.5714285714285716,3.746885
2026-08-11,3,S-CAT-KOL04,2.5714285714285716,3.6307666
2026-08-11,2,S-CAT-KOL04,2.4285714285714284,3.7398496
2026-08-12,5,S-CAT-KOL04,2.2857142857142856,3.8836977
2026-08-12,5,S-CAT-KOL04,2.5714285714285716,3.6272264
2026-08-13,3,S-CAT-KOL04,3.142857142857143,4.0417867
2026-08-13,5,S-CAT-KOL04,3.4285714285714284,4.019195
2026-08-14,5,S-CAT-KOL04,3.857142857142857,3.5417485
2026-08-14,5,S-CAT-KOL04,4.0,3.6552167
2026-08-15,2,S-CAT-KOL04,4.285714285714286,2.161806
2026-08-15,2,S-CAT-KOL04,4.285714285714286,2.033238
2026-08-16,3,S-CAT-KOL04,3.857142857142857,1.8333158
2026-08-16,3,S-CAT-KOL04,3.5714285714285716,1.7205595
2026-08-17,2,S-CAT-KOL04,3.5714285714285716,3.4589388
2026-08-17,2,S-CAT-KOL04,3.142857142857143,3.4442582
2026-08-18,3,S-CAT-KOL04,2.7142857142857144,3.621439
2026-08-18,3,S-CAT-KOL04,2.4285714285714284,3.4558263
2026-08-19,4,S-CAT-KOL04,2.5714285714285716,4.048043
2026-08-19,4,S-CAT-KOL04,2.857142857142857,3.5301762
2026-08-20,5,S-CAT-KOL04,3.0,3.4922385
2026-08-20,2,S-CAT-KOL04,3.2857142857142856,3.7571063
2026-08-21,3,S-CAT-KOL04,3.2857142857142856,4.2218246
2026-08-21,4,S-CAT-KOL04,3.4285714285714284,4.1907773
2026-08-22,1,S-CAT-KOL04,3.5714285714285716,2.0298657
2026-08-22,3,S-CAT-KOL04,3.2857142857142856,2.0992403
2026-08-23,1,S-CAT-KOL04,3.142857142857143,1.8279979
2026-08-23,2,S-CAT-KOL04,2.7142857142857144,1.9039793
2026-08-24,4,S-CAT-KOL04,2.2857142857142856,3.5403962
2026-08-24,5,S-CAT-KOL04,2.5714285714285716,3.1658218
2026-08-25,5,S-CAT-KOL04,2.857142857142857,3.2624428
2026-08-25,2,S-CAT-KOL04,3.0,3.5545926
2026-08-26,5,S-CAT-KOL04,3.142857142857143,3.6870606
2026-08-26,2,S-CAT-KOL04,3.4285714285714284,3.6399713
2026-08-27,4,S-CAT-KOL04,3.5714285714285716,4.120724
2026-08-27,3,S-CAT-KOL04,3.857142857142857,3.5098848
2026-08-28,2,S-CAT-KOL04,3.7142857142857144,3.5842302
2026-08-28,5,S-CAT-KOL04,3.2857142857142856,3.8793104
2026-08-29,1,S-CAT-KOL04,3.2857142857142856,1.7988687
2026-08-29,1,S-CAT-KOL04,3.142857142857143,2.2170224
2026-08-30,3,S-CAT-KOL04,2.5714285714285716,1.9916905
2026-08-30,1,S-CAT-KOL04,2.7142857142857144,1.7425247
2026-08-31,4,S-CAT-KOL04,2.2857142857142856,3.9750113
2026-08-31,5,S-CAT-KOL04,2.4285714285714284,4.0457225
2026-09-01,4,S-CAT-KOL04,2.857142857142857,3.773332
2026-09-01,3,S-CAT-KOL04,2.7142857142857144,3.3963878
2026-08-09,1,S-CAT-KOL04,3.2857142857142856,1.8844088
2026-08-09,1,S-CAT-KOL04,3.0,2.0764515
2026-08-10,3,S-CAT-KOL04,2.7142857142857144,4.167426
2026-08-10,3,S-CAT-KOL04,2.7142857142857144,3.128309
2026-08-11,4,S-CAT-KOL04,2.2857142857142856,4.651477
2026-08-11,2,S-CAT-KOL04,2.2857142857142856,4.1643496
2026-08-12,3,S-CAT-KOL04,2.4285714285714284,4.271483
2026-08-12,5,S-CAT-KOL04,2.4285714285714284,3.7673292
2026-08-13,5,S-CAT-KOL04,3.0,3.7817383
2026-08-13,2,S-CAT-KOL04,3.5714285714285716,3.7005904
2026-08-14,6,S-CAT-KOL04,3.4285714285714284,4.4247293
2026-08-14,2,S-CAT-KOL04,3.857142857142857,3.7131615
2026-08-15,3,S-CAT-KOL04,3.5714285714285716,1.8877985
2026-08-15,3,S-CAT-KOL04,3.7142857142857144,2.0831723
2026-08-16,2,S-CAT-KOL04,3.7142857142857144,1.714117
2026-08-16,1,S-CAT-KOL04,3.2857142857142856,1.8604363
2026-08-17,4,S-CAT-KOL04,2.7142857142857144,3.9333088
2026-08-17,5,S-CAT-KOL04,3.0,3.4077466
2026-08-18,4,S-CAT-KOL04,2.857142857142857,3.4177394
2026-08-18,5,S-CAT-KOL04,3.142857142857143,3.226639
2026-08-19,5,S-CAT-KOL04,3.4285714285714284,3.4933596
2026-08-19,5,S-CAT-KOL04,3.7142857142857144,3.9735076
2026-08-20,6,S-CAT-KOL04,4.142857142857143,4.358851
2026-08-20,2,S-CAT-KOL04,4.857142857142857,3.4556983
2026-08-21,6,S-CAT-KOL04,4.571428571428571,4.4210052
2026-08-21,5,S-CAT-KOL04,4.714285714285714,3.4604948
2026-08-22,2,S-CAT-KOL04,4.857142857142857,2.2225466
2026-08-22,3,S-CAT-KOL04,4.428571428571429,2.2092843
2026-08-23,2,S-CAT-KOL04,4.142857142857143,1.881992
2026-08-23,1,S-CAT-KOL04,3.7142857142857144,1.9409117
2026-08-24,3,S-CAT-KOL04,3.0,4.3504333
2026-08-24,2,S-CAT-KOL04,3.142857142857143,3.659192
2026-08-25,4,S-CAT-KOL04,2.5714285714285716,4.37118
2026-08-25,2,S-CAT-KOL04,2.4285714285714284,4.115133
2026-08-26,6,S-CAT-KOL04,2.4285714285714284,4.413859
2026-08-26,5,S-CAT-KOL04,2.857142857142857,3.6067936
2026-08-27,3,S-CAT-KOL04,3.2857142857142856,4.4794183
2026-08-27,3,S-CAT-KOL04,3.5714285714285716,3.7606864
2026-08-28,5,S-CAT-KOL04,3.5714285714285716,4.719841
2026-08-28,3,S-CAT-KOL04,4.0,3.723038
2026-08-29,3,S-CAT-KOL04,3.857142857142857,2.4329612
2026-08-29,2,S-CAT-KOL04,4.0,1.9381466
2026-08-30,3,S-CAT-KOL04,3.4285714285714284,1.9148312
2026-08-30,2,S-CAT-KOL04,3.142857142857143,1.9408817
2026-08-31,3,S-CAT-KOL04,3.0,3.6035903
2026-08-31,3,S-CAT-KOL04,3.0,3.3654802
2026-09-01,4,S-CAT-KOL04,2.7142857142857144,3.9455214
2026-09-01,2,S-CAT-KOL04,2.857142857142857,3.4651709
2026-08-09,0,S-CAT-KOL04,2.4285714285714284,1.4230756
2026-08-09,3,S-CAT-KOL04,1.8571428571428572,2.0432875
2026-08-10,1,S-CAT-KOL04,1.7142857142857142,2.7942932
2026-08-10,3,S-CAT-KOL04,1.5714285714285714,3.7979689
2026-08-11,3,S-CAT-KOL04,1.8571428571428572,2.783125
2026-08-11,4,S-CAT-KOL04,2.0,3.0958025
2026-08-12,1,S-CAT-KOL04,2.4285714285714284,2.4633725
2026-08-12,5,S-CAT-KOL04,2.142857142857143,3.3601956
2026-08-13,1,S-CAT-KOL04,2.857142857142857,2.818401
2026-08-13,5,S-CAT-KOL04,2.5714285714285716,3.2295637
2026-08-14,1,S-CAT-KOL04,3.142857142857143,2.2079046
2026-08-14,4,S-CAT-KOL04,2.857142857142857,3.220281
2026-08-15,1,S-CAT-KOL04,3.0,1.2082345
2026-08-15,2,S-CAT-KOL04,2.5714285714285716,2.0672479
2026-08-16,1,S-CAT-KOL04,2.7142857142857144,1.2376193
2026-08-16,1,S-CAT-KOL04,2.142857142857143,2.0612402
2026-08-17,2,S-CAT-KOL04,2.142857142857143,2.5729773
2026-08-17,2,S-CAT-KOL04,1.7142857142857142,3.1894543
2026-08-18,3,S-CAT-KOL04,1.8571428571428572,2.70976
2026-08-18,5,S-CAT-KOL04,1.7142857142857142,2.900992
2026-08-19,1,S-CAT-KOL04,2.2857142857142856,2.0332744
2026-08-19,2,S-CAT-KOL04,2.142857142857143,3.2473083
2026-08-20,1,S-CAT-KOL04,2.2857142857142856,2.8280916
2026-08-20,5,S-CAT-KOL04,2.2857142857142856,3.4333398
2026-08-21,2,S-CAT-KOL04,2.7142857142857144,2.4143732
2026-08-21,5,S-CAT-KOL04,2.7142857142857144,2.9851794
2026-08-22,1,S-CAT-KOL04,3.0,1.323811
2026-08-22,2,S-CAT-KOL04,2.4285714285714284,2.1288857
2026-08-23,1,S-CAT-KOL04,2.5714285714285716,1.5184639
2026-08-23,3,S-CAT-KOL04,2.4285714285714284,1.8470187
2026-08-24,3,S-CAT-KOL04,2.7142857142857144,1.9907756
2026-08-24,5,S-CAT-KOL04,2.4285714285714284,2.5548615
2026-08-25,2,S-CAT-KOL04,2.857142857142857,2.3190985
2026-08-25,5,S-CAT-KOL04,2.4285714285714284,3.398996
2026-08-26,2,S-CAT-KOL04,3.0,2.1298516
2026-08-26,2,S-CAT-KOL04,3.0,2.9679542
2026-08-27,1,S-CAT-KOL04,3.142857142857143,2.448497
2026-08-27,2,S-CAT-KOL04,2.857142857142857,3.7494853
2026-08-28,1,S-CAT-KOL04,2.7142857142857144,2.3717928
2026-08-28,3,S-CAT-KOL04,2.142857142857143,3.6175253
2026-08-29,0,S-CAT-KOL04,2.2857142857142856,0.96086013
2026-08-29,2,S-CAT-KOL04,1.5714285714285714,1.8444161
2026-08-30,1,S-CAT-KOL04,1.5714285714285714,1.2603934
2026-08-30,1,S-CAT-KOL04,1.4285714285714286,1.9539002
2026-08-31,2,S-CAT-KOL04,1.4285714285714286,2.9140403
2026-08-31,5,S-CAT-KOL04,1.4285714285714286,3.4264874
2026-09-01,3,S-CAT-KOL04,2.0,2.2047145
2026-09-01,5,S-CAT-KOL04,2.0,2.9989579
2026-08-09,2,S-CAT-MUM03,4.571428571428571,1.674698
2026-08-09,4,S-CAT-MUM03,4.142857142857143,3.2645648
2026-08-10,5,S-CAT-MUM03,4.0,4.008657
2026-08-10,5,S-CAT-MUM03,3.7142857142857144,5.7772756
2026-08-11,3,S-CAT-MUM03,4.0,3.4029737
2026-08-11,7,S-CAT-MUM03,3.2857142857142856,6.480009
2026-08-12,5,S-CAT-MUM03,4.142857142857143,3.136949
2026-08-12,8,S-CAT-MUM03,4.428571428571429,5.60956
2026-08-13,2,S-CAT-MUM03,5.285714285714286,4.2077055
2026-08-13,5,S-CAT-MUM03,5.0,6.678751
2026-08-14,4,S-CAT-MUM03,5.0,3.7184632
2026-08-14,6,S-CAT-MUM03,4.857142857142857,6.1893144
2026-08-15,1,S-CAT-MUM03,5.285714285714286,1.0112085
2026-08-15,3,S-CAT-MUM03,4.428571428571429,3.1249497
2026-08-16,3,S-CAT-MUM03,4.142857142857143,1.397176
2026-08-16,4,S-CAT-MUM03,3.4285714285714284,3.4379008
2026-08-17,2,S-CAT-MUM03,3.7142857142857144,4.301579
2026-08-17,5,S-CAT-MUM03,3.2857142857142856,6.072131
2026-08-18,2,S-CAT-MUM03,3.4285714285714284,3.3554485
2026-08-18,5,S-CAT-MUM03,2.857142857142857,6.5266504
2026-08-19,4,S-CAT-MUM03,3.4285714285714284,5.175439
2026-08-19,6,S-CAT-MUM03,3.5714285714285716,6.401034
2026-08-20,4,S-CAT-MUM03,4.0,3.3693128
2026-08-20,7,S-CAT-MUM03,4.0,5.9905906
2026-08-21,5,S-CAT-MUM03,4.714285714285714,4.484106
2026-08-21,7,S-CAT-MUM03,4.714285714285714,6.0559874
2026-08-22,3,S-CAT-MUM03,5.428571428571429,1.7780536
2026-08-22,4,S-CAT-MUM03,5.142857142857143,3.079605
2026-08-23,1,S-CAT-MUM03,5.142857142857143,1.8909035
2026-08-23,4,S-CAT-MUM03,4.428571428571429,3.3794374
2026-08-24,3,S-CAT-MUM03,4.428571428571429,3.3463116
2026-08-24,6,S-CAT-MUM03,3.857142857142857,5.5529246
2026-08-25,2,S-CAT-MUM03,4.0,3.21459
2026-08-25,5,S-CAT-MUM03,3.2857142857142856,5.55687
2026-08-26,5,S-CAT-MUM03,3.5714285714285716,3.9669468
2026-08-26,7,S-CAT-MUM03,3.7142857142857144,5.6230135
2026-08-27,2,S-CAT-MUM03,4.571428571428571,4.228139
2026-08-27,7,S-CAT-MUM03,4.285714285714286,6.037233
2026-08-28,4,S-CAT-MUM03,4.857142857142857,4.11437
2026-08-28,7,S-CAT-MUM03,4.571428571428571,5.900378
2026-08-29,1,S-CAT-MUM03,5.285714285714286,2.2481875
2026-08-29,4,S-CAT-MUM03,4.714285714285714,3.2200308
2026-08-30,2,S-CAT-MUM03,4.571428571428571,1.3929367
2026-08-30,3,S-CAT-MUM03,3.857142857142857,3.393435
2026-08-31,3,S-CAT-MUM03,4.0,3.7798624
2026-08-31,7,S-CAT-MUM03,3.4285714285714284,5.7387576
2026-09-01,4,S-CAT-MUM03,3.857142857142857,2.527988
2026-09-01,5,S-CAT-MUM03,3.4285714285714284,5.6530943
2026-08-09,3,S-CAT-MUM03,4.571428571428571,2.9652848
2026-08-10,5,S-CAT-MUM03,4.714285714285714,5.5641007
2026-08-11,7,S-CAT-MUM03,4.857142857142857,5.4146743
2026-08-12,5,S-CAT-MUM03,5.142857142857143,5.213447
2026-08-13,4,S-CAT-MUM03,5.142857142857143,5.3478994
2026-08-14,6,S-CAT-MUM03,4.714285714285714,5.2997236
2026-08-15,2,S-CAT-MUM03,4.714285714285714,2.824126
2026-08-16,3,S-CAT-MUM03,4.571428571428571,3.0342112
2026-08-17,5,S-CAT-MUM03,4.571428571428571,5.391325
2026-08-18,7,S-CAT-MUM03,4.571428571428571,5.3066626
2026-08-19,7,S-CAT-MUM03,4.571428571428571,5.350818
2026-08-20,7,S-CAT-MUM03,4.857142857142857,5.2047524
2026-08-21,5,S-CAT-MUM03,5.285714285714286,5.108384
2026-08-22,4,S-CAT-MUM03,5.142857142857143,2.9233768
2026-08-23,3,S-CAT-MUM03,5.428571428571429,3.092017
2026-08-24,5,S-CAT-MUM03,5.428571428571429,5.4736238
2026-08-25,6,S-CAT-MUM03,5.428571428571429,5.5340495
2026-08-26,4,S-CAT-MUM03,5.285714285714286,5.5317044
2026-08-27,6,S-CAT-MUM03,4.857142857142857,5.4130754
2026-08-28,4,S-CAT-MUM03,4.714285714285714,5.280723
2026-08-29,2,S-CAT-MUM03,4.571428571428571,2.7955759
2026-08-30,3,S-CAT-MUM03,4.285714285714286,2.9829433
2026-08-31,7,S-CAT-MUM03,4.285714285714286,5.593137
2026-09-01,7,S-CAT-MUM03,4.571428571428571,5.4963903
2026-08-09,4,S-CAT-MUM03,4.142857142857143,3.013489
2026-08-10,4,S-CAT-MUM03,4.142857142857143,5.4167356
2026-08-11,7,S-CAT-MUM03,3.857142857142857,5.149124
2026-08-12,5,S-CAT-MUM03,4.285714285714286,5.0421696
2026-08-13,4,S-CAT-MUM03,4.428571428571429,5.2425675
2026-08-14,4,S-CAT-MUM03,4.428571428571429,5.414152
2026-08-15,4,S-CAT-MUM03,4.428571428571429,2.6502724
2026-08-16,3,S-CAT-MUM03,4.571428571428571,3.1414037
2026-08-17,5,S-CAT-MUM03,4.428571428571429,5.3684006
2026-08-18,6,S-CAT-MUM03,4.571428571428571,4.6754756
2026-08-19,7,S-CAT-MUM03,4.428571428571429,4.9187093
2026-08-20,4,S-CAT-MUM03,4.714285714285714,5.357758
2026-08-21,7,S-CAT-MUM03,4.714285714285714,5.043476
2026-08-22,4,S-CAT-MUM03,5.142857142857143,2.825843
2026-08-23,4,S-CAT-MUM03,5.142857142857143,3.0970526
2026-08-24,7,S-CAT-MUM03,5.285714285714286,5.1464744
2026-08-25,4,S-CAT-MUM03,5.571428571428571,5.2719116
2026-08-26,5,S-CAT-MUM03,5.285714285714286,5.554901
2026-08-27,4,S-CAT-MUM03,5.0,5.10191
2026-08-28,7,S-CAT-MUM03,5.0,4.9403396
2026-08-29,4,S-CAT-MUM03,5.0,3.180909
2026-08-30,2,S-CAT-MUM03,5.0,2.7193415
2026-08-31,6,S-CAT-MUM03,4.714285714285714,5.171957
2026-09-01,6,S-CAT-MUM03,4.571428571428571,5.4439316
2026-08-09,1,S-CAT-MUM03,2.857142857142857,1.5524818
2026-08-09,1,S-CAT-MUM03,2.4285714285714284,1.6976444
2026-08-10,3,S-CAT-MUM03,2.2857142857142856,2.4543626
2026-08-10,4,S-CAT-MUM03,2.0,2.7880328
2026-08-11,4,S-CAT-MUM03,2.2857142857142856,2.1965475
2026-08-11,4,S-CAT-MUM03,2.142857142857143,3.1954055
2026-08-12,1,S-CAT-MUM03,2.5714285714285716,2.8591166
2026-08-12,4,S-CAT-MUM03,2.5714285714285716,3.2790358
2026-08-13,3,S-CAT-MUM03,3.0,2.9607747
2026-08-13,5,S-CAT-MUM03,3.2857142857142856,3.3458314
2026-08-14,2,S-CAT-MUM03,3.5714285714285716,2.3255756
2026-08-14,4,S-CAT-MUM03,3.2857142857142856,3.504694
2026-08-15,1,S-CAT-MUM03,3.2857142857142856,1.1742357
2026-08-15,1,S-CAT-MUM03,2.857142857142857,1.9019511
2026-08-16,1,S-CAT-MUM03,2.857142857142857,1.2991644
2026-08-16,1,S-CAT-MUM03,2.4285714285714284,1.6248319
2026-08-17,1,S-CAT-MUM03,2.142857142857143,2.250378
2026-08-17,5,S-CAT-MUM03,1.5714285714285714,3.137013
2026-08-18,1,S-CAT-MUM03,2.0,2.3778017
2026-08-18,3,S-CAT-MUM03,1.5714285714285714,3.2415392
2026-08-19,1,S-CAT-MUM03,1.8571428571428572,2.4068701
2026-08-19,4,S-CAT-MUM03,1.8571428571428572,3.1319911
2026-08-20,2,S-CAT-MUM03,2.2857142857142856,2.854365
2026-08-20,2,S-CAT-MUM03,2.4285714285714284,3.3253694
2026-08-21,3,S-CAT-MUM03,2.5714285714285716,2.7229717
2026-08-21,4,S-CAT-MUM03,2.2857142857142856,3.1327224
2026-08-22,1,S-CAT-MUM03,2.7142857142857144,1.0260047
2026-08-22,1,S-CAT-MUM03,2.4285714285714284,2.1617658
2026-08-23,1,S-CAT-MUM03,2.4285714285714284,1.4725802
2026-08-23,1,S-CAT-MUM03,2.0,1.5736847
2026-08-24,2,S-CAT-MUM03,1.8571428571428572,2.6036487
2026-08-24,4,S-CAT-MUM03,1.8571428571428572,3.2404072
2026-08-25,3,S-CAT-MUM03,2.0,2.2952356
2026-08-25,2,S-CAT-MUM03,1.8571428571428572,3.1506195
2026-08-26,2,S-CAT-MUM03,2.0,2.910982
2026-08-26,4,S-CAT-MUM03,2.142857142857143,3.1584952
2026-08-27,2,S-CAT-MUM03,2.5714285714285716,2.986284
2026-08-27,2,S-CAT-MUM03,2.7142857142857144,3.032897
2026-08-28,1,S-CAT-MUM03,2.7142857142857144,3.1310153
2026-08-28,3,S-CAT-MUM03,2.2857142857142856,3.5758739
2026-08-29,1,S-CAT-MUM03,2.2857142857142856,1.2860364
2026-08-29,3,S-CAT-MUM03,2.142857142857143,1.6460887
2026-08-30,1,S-CAT-MUM03,2.2857142857142856,1.7145277
2026-08-30,3,S-CAT-MUM03,1.8571428571428572,1.8179132
2026-08-31,4,S-CAT-MUM03,2.0,3.085761
2026-08-31,4,S-CAT-MUM03,2.2857142857142856,3.3438776
2026-09-01,1,S-CAT-MUM03,2.7142857142857144,2.417302
2026-09-01,5,S-CAT-MUM03,2.4285714285714284,3.4830484
2026-08-09,2,S-CAT-MUM03,3.857142857142857,3.2233896
2026-08-09,3,S-CAT-MUM03,3.5714285714285716,2.7481647
2026-08-10,7,S-CAT-MUM03,3.2857142857142856,5.4015265
2026-08-10,5,S-CAT-MUM03,3.857142857142857,5.116132
2026-08-11,7,S-CAT-MUM03,3.857142857142857,5.185969
2026-08-11,5,S-CAT-MUM03,4.285714285714286,4.947315
2026-08-12,6,S-CAT-MUM03,4.571428571428571,5.253039
2026-08-12,6,S-CAT-MUM03,5.0,4.7230663
2026-08-13,7,S-CAT-MUM03,5.571428571428571,5.3969917
2026-08-13,3,S-CAT-MUM03,6.142857142857143,4.3253
2026-08-14,5,S-CAT-MUM03,5.571428571428571,5.398374
2026-08-14,6,S-CAT-MUM03,5.571428571428571,4.6134205
2026-08-15,3,S-CAT-MUM03,5.428571428571429,2.8816779
2026-08-15,2,S-CAT-MUM03,5.142857142857143,2.7329023
2026-08-16,2,S-CAT-MUM03,4.571428571428571,2.564953
2026-08-16,1,S-CAT-MUM03,4.0,2.6712933
2026-08-17,5,S-CAT-MUM03,3.142857142857143,5.705578
2026-08-17,5,S-CAT-MUM03,3.4285714285714284,5.470505
2026-08-18,4,S-CAT-MUM03,3.4285714285714284,5.5118876
2026-08-18,4,S-CAT-MUM03,3.142857142857143,5.3162427
2026-08-19,4,S-CAT-MUM03,3.2857142857142856,5.445189
2026-08-19,5,S-CAT-MUM03,3.5714285714285716,5.2630644
2026-08-20,5,S-CAT-MUM03,4.0,5.501088
2026-08-20,3,S-CAT-MUM03,4.571428571428571,4.1776204
2026-08-21,4,S-CAT-MUM03,4.285714285714286,5.2581215
2026-08-21,6,S-CAT-MUM03,4.142857142857143,5.079253
2026-08-22,3,S-CAT-MUM03,4.428571428571429,2.644672
2026-08-22,2,S-CAT-MUM03,4.285714285714286,2.9030697
2026-08-23,3,S-CAT-MUM03,4.0,3.2390077
2026-08-23,3,S-CAT-MUM03,3.7142857142857144,2.556571
2026-08-24,5,S-CAT-MUM03,3.4285714285714284,5.660527
2026-08-24,4,S-CAT-MUM03,3.7142857142857144,5.1623507
2026-08-25,7,S-CAT-MUM03,3.7142857142857144,5.1842203
2026-08-25,5,S-CAT-MUM03,3.857142857142857,4.512956
2026-08-26,4,S-CAT-MUM03,4.142857142857143,5.044927
2026-08-26,5,S-CAT-MUM03,4.428571428571429,4.4509935
2026-08-27,5,S-CAT-MUM03,4.714285714285714,5.152794
2026-08-27,6,S-CAT-MUM03,5.0,4.180477
2026-08-28,4,S-CAT-MUM03,5.142857142857143,5.0731726
2026-08-28,5,S-CAT-MUM03,5.142857142857143,4.632527
2026-08-29,3,S-CAT-MUM03,4.857142857142857,2.5395758
2026-08-29,1,S-CAT-MUM03,4.571428571428571,2.714607
2026-08-30,2,S-CAT-MUM03,4.142857142857143,2.891746
2026-08-30,1,S-CAT-MUM03,3.7142857142857144,2.7427087
2026-08-31,7,S-CAT-MUM03,3.142857142857143,5.054041
2026-08-31,3,S-CAT-MUM03,3.2857142857142856,4.3761096
2026-09-01,5,S-CAT-MUM03,3.142857142857143,5.607857
2026-09-01,3,S-CAT-MUM03,3.142857142857143,5.2898655
2026-08-09,1,S-CAT-MUM03,3.2857142857142856,2.2015245
2026-08-09,3,S-CAT-MUM03,3.142857142857143,1.8552722
2026-08-10,4,S-CAT-MUM03,2.7142857142857144,4.66956
2026-08-10,4,S-CAT-MUM03,3.0,3.177106
2026-08-11,5,S-CAT-MUM03,3.142857142857143,3.1085246
2026-08-11,4,S-CAT-MUM03,3.142857142857143,3.1053748
2026-08-12,6,S-CAT-MUM03,3.2857142857142856,3.969345
2026-08-12,4,S-CAT-MUM03,3.857142857142857,3.4672441
2026-08-13,6,S-CAT-MUM03,4.285714285714286,4.115959
2026-08-13,3,S-CAT-MUM03,4.714285714285714,3.22838
2026-08-14,5,S-CAT-MUM03,4.571428571428571,4.0818787
2026-08-14,5,S-CAT-MUM03,4.714285714285714,3.9618528
2026-08-15,3,S-CAT-MUM03,4.714285714285714,2.3510542
2026-08-15,3,S-CAT-MUM03,4.571428571428571,1.8422779
2026-08-16,3,S-CAT-MUM03,4.142857142857143,1.9770253
2026-08-16,3,S-CAT-MUM03,4.0,1.9332236
2026-08-17,4,S-CAT-MUM03,3.5714285714285716,3.7463408
2026-08-17,3,S-CAT-MUM03,3.7142857142857144,3.0003572
2026-08-18,6,S-CAT-MUM03,3.4285714285714284,4.5211864
2026-08-18,3,S-CAT-MUM03,3.5714285714285716,3.2803326
2026-08-19,5,S-CAT-MUM03,3.5714285714285716,4.165025
2026-08-19,4,S-CAT-MUM03,3.857142857142857,3.4364164
2026-08-20,3,S-CAT-MUM03,4.0,4.572384
2026-08-20,3,S-CAT-MUM03,4.0,3.501463
2026-08-21,4,S-CAT-MUM03,3.857142857142857,4.7034187
2026-08-21,2,S-CAT-MUM03,4.0,3.8736773
2026-08-22,3,S-CAT-MUM03,3.4285714285714284,2.3215737
2026-08-22,1,S-CAT-MUM03,3.4285714285714284,2.068482
2026-08-23,3,S-CAT-MUM03,2.857142857142857,2.3444843
2026-08-23,1,S-CAT-MUM03,2.7142857142857144,2.0293994
2026-08-24,3,S-CAT-MUM03,2.4285714285714284,4.0657578
2026-08-24,5,S-CAT-MUM03,2.4285714285714284,3.6949558
2026-08-25,3,S-CAT-MUM03,2.5714285714285716,4.427543
2026-08-25,2,S-CAT-MUM03,2.7142857142857144,3.475646
2026-08-26,4,S-CAT-MUM03,2.5714285714285716,4.077383
2026-08-26,3,S-CAT-MUM03,3.0,3.5234835
2026-08-27,4,S-CAT-MUM03,3.0,4.1031904
2026-08-27,5,S-CAT-MUM03,3.4285714285714284,3.5806992
2026-08-28,6,S-CAT-MUM03,3.7142857142857144,4.324192
2026-08-28,5,S-CAT-MUM03,3.857142857142857,3.411618
2026-08-29,3,S-CAT-MUM03,4.142857142857143,2.3993006
2026-08-29,1,S-CAT-MUM03,4.285714285714286,2.0732048
2026-08-30,3,S-CAT-MUM03,3.857142857142857,2.411774
2026-08-30,2,S-CAT-MUM03,3.857142857142857,1.8565419
2026-08-31,6,S-CAT-MUM03,3.5714285714285716,3.4954624
2026-08-31,4,S-CAT-MUM03,3.7142857142857144,3.8057795
2026-09-01,3,S-CAT-MUM03,3.4285714285714284,3.3906949
2026-09-01,3,S-CAT-MUM03,3.142857142857143,3.1183076
